Task_id;closestDist;farestDist;avgDist;stvDist;mdnDist;timWind;srvTime;blTWB[0];blTWB[1];blTWB[2];blTWB[3];blTWB[4];blTWB[5];blTWB[6];blTWB[7];blTWB[8];blTWB[9];blTWB[10];blTWB[11];blTWB[12];blTWB[13];blTWB[14];blTWB[15];blTWB[16];blTWB[17];blTWB[18];blTWB[19];blTWB[20];blTWB[21];blTWB[22];blTWB[23];perResUnav;perResWSkills;blServiced
0;0,01;0,87;0,26;0,15;0,25;0,23;0,26;0;0;0;0;0;0;0;0;0;0;0;1;1;1;1;1;0;0;0;0;0;0;0;0;0;1;1
1;0;0,88;0,27;0,15;0,26;0,21;0,14;0;0;0;0;0;0;0;0;0;0;1;1;1;1;1;0;0;0;0;0;0;0;0;0;0;0,68;1
2;0;0,87;0,29;0,15;0,29;0,18;0,27;0;0;0;0;0;0;0;0;0;0;0;1;1;1;1;0;0;0;0;0;0;0;0;0;0;0,76;1
3;0,01;0,86;0,28;0,15;0,27;0,19;0,15;0;0;0;0;0;0;0;0;0;1;1;1;1;1;0;0;0;0;0;0;0;0;0;0;0;0,6;1
4;0,01;0,83;0,26;0,14;0,25;0,21;0,13;0;0;0;0;0;0;0;0;0;0;0;0;1;1;1;1;1;0;0;0;0;0;0;0;0;0,14;1
5;0,01;0,85;0,28;0,15;0,27;0,27;0,21;0;0;0;0;0;0;0;0;0;0;1;1;1;1;1;1;1;0;0;0;0;0;0;0;0;0,34;0
6;0;0,83;0,27;0,14;0,27;0,25;0,11;0;0;0;0;0;0;0;0;0;0;0;1;1;1;1;1;1;0;0;0;0;0;0;0;0;0,68;1
7;0,02;0,78;0,46;0,13;0,46;0,24;0,21;0;0;0;0;0;0;0;0;0;0;1;1;1;1;1;0;0;0;0;0;0;0;0;0;0;0,6;1
8;0,02;0,77;0,45;0,13;0,44;0,32;0,09;0;0;0;0;0;0;0;0;0;0;0;0;1;1;1;1;1;1;1;1;0;0;0;0;0;0,6;1
9;0,02;0,99;0,45;0,15;0,45;0,35;0,14;0;0;0;0;0;0;0;0;0;0;0;0;1;1;1;1;1;1;1;1;0;0;0;0;0;0,84;1
10;0,02;0,98;0,44;0,15;0,44;0,22;0,14;0;0;0;0;0;0;0;0;0;1;1;1;1;1;0;0;0;0;0;0;0;0;0;0;0;0,34;1
11;0,02;0,73;0,37;0,12;0,37;0,3;0,17;0;0;0;0;0;0;0;0;0;0;0;1;1;1;1;1;1;1;0;0;0;0;0;0;0;1;1
12;0,02;0,72;0,36;0,12;0,36;0,24;0,12;0;0;0;0;0;0;0;0;0;0;0;0;1;1;1;1;1;1;0;0;0;0;0;0;0;0,68;1
13;0,01;0,92;0,35;0,16;0,34;0,19;0,26;0;0;0;0;0;0;0;0;0;0;1;1;1;1;1;0;0;0;0;0;0;0;0;0;0;0,39;1
14;0,01;0,86;0,24;0,15;0,22;0,33;0,09;0;0;0;0;0;0;0;0;0;0;1;1;1;1;1;1;1;1;0;0;0;0;0;0;0;1;1
15;0,01;0,63;0,21;0,1;0,21;0,17;0,16;0;0;0;0;0;0;0;0;0;0;0;1;1;1;1;0;0;0;0;0;0;0;0;0;0;1;1
16;0,01;0,77;0,23;0,13;0,21;0,36;0,16;0;0;0;0;0;0;0;0;0;0;1;1;1;1;1;1;1;1;1;0;0;0;0;0;0;0,68;1
17;0,01;0,61;0,26;0,11;0,27;0,35;0,08;0;0;0;0;0;0;0;0;0;0;0;0;1;1;1;1;1;1;1;1;1;0;0;0;0;0,39;1
18;0,01;0,91;0,29;0,16;0,28;0,24;0,19;0;0;0;0;0;0;0;0;0;1;1;1;1;1;1;0;0;0;0;0;0;0;0;0;0;0,2;1
19;0,01;0,85;0,25;0,15;0,23;0,26;0,19;0;0;0;0;0;0;0;0;0;0;0;1;1;1;1;1;1;1;0;0;0;0;0;0;0;0,6;1
20;0,01;0,94;0,3;0,17;0,28;0,29;0,17;0;0;0;0;0;0;0;0;0;0;0;0;1;1;1;1;1;1;1;0;0;0;0;0;0;1;1
21;0;0,86;0,25;0,15;0,24;0,22;0,11;0;0;0;0;0;0;0;0;0;0;0;1;1;1;1;1;0;0;0;0;0;0;0;0;0;0,39;1
22;0,01;0,91;0,29;0,16;0,29;0,25;0,1;0;0;0;0;0;0;0;0;0;0;0;0;1;1;1;1;1;1;0;0;0;0;0;0;0;0,34;1
23;0;0,92;0,32;0,17;0,31;0,17;0,35;0;0;0;0;0;0;0;0;0;1;1;1;1;0;0;0;0;0;0;0;0;0;0;0;0;1;1
24;0;0,61;0,23;0,1;0,23;0,35;0,1;0;0;0;0;0;0;0;0;0;0;0;1;1;1;1;1;1;1;1;1;0;0;0;0;0;0,76;1
25;0,02;0,78;0,3;0,13;0,29;0,26;0,21;0;0;0;0;0;0;0;0;0;0;1;1;1;1;1;1;1;0;0;0;0;0;0;0;0;0,47;1
26;0;0,84;0,27;0,14;0,27;0,18;0,32;0;0;0;0;0;0;0;0;0;0;0;0;1;1;1;1;0;0;0;0;0;0;0;0;0;0,6;1
27;0;0,66;0,31;0,14;0,32;0,26;0,18;0;0;0;0;0;0;0;0;0;0;1;1;1;1;1;1;0;0;0;0;0;0;0;0;0;0,76;1
28;0,01;0,56;0,24;0,1;0,26;0,35;0,17;0;0;0;0;0;0;0;0;0;0;0;1;1;1;1;1;1;1;1;0;0;0;0;0;0;0,39;1
29;0,01;0,75;0,21;0,12;0,19;0,17;0,34;0;0;0;0;0;0;0;0;0;1;1;1;1;0;0;0;0;0;0;0;0;0;0;0;0;0,14;1
30;0,01;0,67;0,26;0,11;0,26;0,21;0,25;0;0;0;0;0;0;0;0;0;0;0;1;1;1;1;1;0;0;0;0;0;0;0;0;0;0,39;1
31;0,01;0,55;0,26;0,11;0,27;0,24;0,18;0;0;0;0;0;0;0;0;0;0;1;1;1;1;1;1;0;0;0;0;0;0;0;0;0;0,34;1
32;0,01;0,63;0,27;0,13;0,29;0,34;0,06;0;0;0;0;0;0;0;0;0;0;0;0;1;1;1;1;1;1;1;1;0;0;0;0;0;0,39;1
33;0,01;0,54;0,25;0,11;0,26;0,35;0,15;0;0;0;0;0;0;0;0;0;1;1;1;1;1;1;1;1;1;0;0;0;0;0;0;0;0,34;1
34;0,01;0,88;0,28;0,16;0,26;0,28;0,2;0;0;0;0;0;0;0;0;0;0;1;1;1;1;1;1;1;0;0;0;0;0;0;0;0;0,47;1
35;0;0,8;0,27;0,15;0,25;0,41;0,14;0;0;0;0;0;0;0;0;0;0;0;1;1;1;1;1;1;1;1;1;1;0;0;0;0;0,39;1
36;0,01;0,86;0,26;0,15;0,24;0,29;0,2;0;0;0;0;0;0;0;0;0;0;0;0;1;1;1;1;1;1;1;0;0;0;0;0;0;0,76;1
37;0;0,88;0,26;0,15;0,25;0,41;0,07;0;0;0;0;0;0;0;0;0;0;0;1;1;1;1;1;1;1;1;1;1;0;0;0;0;1;1
38;0,01;0,9;0,29;0,16;0,28;0,17;0,32;0;0;0;0;0;0;0;0;0;1;1;1;1;0;0;0;0;0;0;0;0;0;0;0;0;0,76;1
39;0,01;0,62;0,27;0,13;0,28;0,21;0,25;0;0;0;0;0;0;0;0;0;1;1;1;1;1;0;0;0;0;0;0;0;0;0;0;0;1;1
40;0,01;0,81;0,22;0,14;0,2;0,26;0,17;0;0;0;0;0;0;0;0;0;0;0;1;1;1;1;1;1;1;0;0;0;0;0;0;0;0,84;1
41;0,01;0,76;0,22;0,13;0,2;0,19;0,27;0;0;0;0;0;0;0;0;0;1;1;1;1;1;0;0;0;0;0;0;0;0;0;0;0;0,68;1
42;0;0,88;0,26;0,15;0,24;0,41;0,11;0;0;0;0;0;0;0;0;0;1;1;1;1;1;1;1;1;1;1;0;0;0;0;0;0;0,39;1
43;0,01;0,64;0,23;0,11;0,24;0,29;0,14;0;0;0;0;0;0;0;0;0;0;1;1;1;1;1;1;1;0;0;0;0;0;0;0;0;0,34;1
44;0,01;0,6;0,28;0,11;0,29;0,28;0,19;0;0;0;0;0;0;0;0;0;1;1;1;1;1;1;0;0;0;0;0;0;0;0;0;0;0,14;1
45;0,01;0,56;0,28;0,12;0,29;0,34;0,12;0;0;0;0;0;0;0;0;0;0;0;0;1;1;1;1;1;1;1;1;0;0;0;0;0;0,14;0
46;0;0,61;0,23;0,11;0,22;0,18;0,26;0;0;0;0;0;0;0;0;0;0;0;0;1;1;1;1;0;0;0;0;0;0;0;0;0;0,6;1
47;0;0,58;0,3;0,12;0,31;0,36;0,07;0;0;0;0;0;0;0;0;1;1;1;1;1;1;1;1;1;0;0;0;0;0;0;0;0;0,68;1
48;0,01;0,99;0,37;0,17;0,35;0,31;0,09;0;0;0;0;0;0;0;0;0;0;1;1;1;1;1;1;1;1;0;0;0;0;0;0;0;0,6;1
49;0,01;0,9;0,34;0,15;0,34;0,2;0,17;0;0;0;0;0;0;0;0;0;0;0;0;1;1;1;1;0;0;0;0;0;0;0;0;0;0,14;1
50;0,01;0,83;0,29;0,15;0,27;0,18;0,29;0;0;0;0;0;0;0;0;0;1;1;1;1;0;0;0;0;0;0;0;0;0;0;0;0;0,39;1
51;0,01;0,74;0,22;0,12;0,19;0,39;0,07;0;0;0;0;0;0;0;0;0;0;1;1;1;1;1;1;1;1;1;0;0;0;0;0;0;0,34;1
52;0;0,72;0,28;0,14;0,28;0,36;0,16;0;0;0;0;0;0;0;0;0;0;0;0;1;1;1;1;1;1;1;1;1;0;0;0;0;0,39;1
53;0,01;0,82;0,28;0,14;0,27;0,31;0,17;0;0;0;0;0;0;0;0;0;0;0;1;1;1;1;1;1;1;0;0;0;0;0;0;0;1;1
54;0,01;0,54;0,26;0,11;0,26;0,34;0,17;0;0;0;0;0;0;0;0;0;0;0;1;1;1;1;1;1;1;1;0;0;0;0;0;0;1;1
55;0,01;0,76;0,21;0,12;0,19;0,31;0,16;0;0;0;0;0;0;0;0;0;0;0;0;1;1;1;1;1;1;1;0;0;0;0;0;0;0,68;1
56;0,01;0,61;0,24;0,11;0,24;0,29;0,16;0;0;0;0;0;0;0;0;0;0;0;0;1;1;1;1;1;1;1;0;0;0;0;0;0;1;1
57;0,01;0,68;0,32;0,13;0,33;0,29;0,12;0;0;0;0;0;0;0;0;0;0;1;1;1;1;1;1;1;0;0;0;0;0;0;0;0;0,2;1
58;0,01;0,66;0,28;0,13;0,29;0,2;0,27;0;0;0;0;0;0;0;0;0;0;0;1;1;1;1;1;0;0;0;0;0;0;0;0;0;0,47;1
59;0;0,67;0,31;0,14;0,32;0,29;0,19;0;0;0;0;0;0;0;0;0;0;0;1;1;1;1;1;1;1;0;0;0;0;0;0;0;0,14;1
60;0,02;0,94;0,32;0,16;0,31;0,37;0,15;0;0;0;0;0;0;0;0;0;0;0;0;1;1;1;1;1;1;1;1;1;0;0;0;0;0,34;1
61;0,01;0,96;0,31;0,17;0,29;0,34;0,07;0;0;0;0;0;0;0;0;0;0;0;0;1;1;1;1;1;1;1;1;1;0;0;0;0;0,2;1
62;0;0,53;0,25;0,11;0,25;0,32;0,07;0;0;0;0;0;0;0;0;0;0;0;0;1;1;1;1;1;1;1;0;0;0;0;0;0;0,76;1
63;0,01;0,8;0,29;0,15;0,27;0,23;0,12;0;0;0;0;0;0;0;0;0;0;1;1;1;1;1;0;0;0;0;0;0;0;0;0;0;0,14;1
64;0,01;0,66;0,29;0,12;0,29;0,4;0,09;0;0;0;0;0;0;0;0;0;0;0;1;1;1;1;1;1;1;1;1;1;0;0;0;0;0,2;1
65;0;0,61;0,24;0,11;0,25;0,22;0,13;0;0;0;0;0;0;0;0;0;1;1;1;1;1;0;0;0;0;0;0;0;0;0;0;0;0,76;1
66;0,01;0,94;0,3;0,17;0,28;0,32;0,12;0;0;0;0;0;0;0;0;0;1;1;1;1;1;1;1;1;0;0;0;0;0;0;0;0;0,84;1
67;0,01;0,61;0,32;0,12;0,33;0,41;0,09;0;0;0;0;0;0;0;0;0;0;0;0;1;1;1;1;1;1;1;1;1;0;0;0;0;0,76;1
68;0;0,87;0,3;0,15;0,29;0,31;0,14;0;0;0;0;0;0;0;0;0;0;0;1;1;1;1;1;1;1;1;0;0;0;0;0;0;1;1
69;0,01;0,63;0,26;0,13;0,27;0,38;0,08;0;0;0;0;0;0;0;0;0;0;1;1;1;1;1;1;1;1;1;0;0;0;0;0;0;0,84;1
70;0,01;0,95;0,34;0,17;0,32;0,22;0,19;0;0;0;0;0;0;0;0;0;1;1;1;1;1;1;0;0;0;0;0;0;0;0;0;0;0,76;1
71;0,02;0,59;0,31;0,12;0,32;0,41;0,12;0;0;0;0;0;0;0;0;0;0;0;1;1;1;1;1;1;1;1;1;1;0;0;0;0;0,6;1
72;0,01;0,84;0,23;0,14;0,21;0,4;0,13;0;0;0;0;0;0;0;0;0;0;1;1;1;1;1;1;1;1;1;1;0;0;0;0;0;0,2;1
73;0,02;0,72;0,21;0,11;0,2;0,4;0,11;0;0;0;0;0;0;0;0;0;0;0;1;1;1;1;1;1;1;1;1;0;0;0;0;0;0,39;1
74;0,01;0,79;0,25;0,14;0,23;0,39;0,07;0;0;0;0;0;0;0;0;0;0;0;0;1;1;1;1;1;1;1;1;1;0;0;0;0;0,84;1
75;0,01;0,75;0,2;0,12;0,19;0,22;0,18;0;0;0;0;0;0;0;0;0;1;1;1;1;1;0;0;0;0;0;0;0;0;0;0;0;0,14;1
76;0,01;0,9;0,28;0,16;0,26;0,39;0,05;0;0;0;0;0;0;0;0;0;0;0;1;1;1;1;1;1;1;1;1;1;0;0;0;0;0,14;1
77;0,01;0,76;0,29;0,14;0,28;0,31;0,15;0;0;0;0;0;0;0;0;0;0;0;0;1;1;1;1;1;1;1;1;0;0;0;0;0;0,47;1
78;0,01;0,63;0,22;0,1;0,22;0,26;0,18;0;0;0;0;0;0;0;0;0;0;0;1;1;1;1;1;1;0;0;0;0;0;0;0;0;0,76;1
79;0,01;0,66;0,28;0,13;0,29;0,27;0,16;0;0;0;0;0;0;0;0;0;0;0;1;1;1;1;1;1;1;0;0;0;0;0;0;0;0,2;1
80;0,01;0,72;0,22;0,12;0,2;0,17;0,14;0;0;0;0;0;0;0;0;0;1;1;1;1;0;0;0;0;0;0;0;0;0;0;0;0;0,76;1
81;0,01;0,8;0,22;0,13;0,2;0,22;0,27;0;0;0;0;0;0;0;0;0;0;1;1;1;1;1;0;0;0;0;0;0;0;0;0;0;0,14;1
82;0,01;0,61;0,25;0,12;0,25;0,38;0,12;0;0;0;0;0;0;0;0;0;0;0;0;1;1;1;1;1;1;1;1;1;0;0;0;0;0,34;1
83;0,02;0,81;0,23;0,14;0,21;0,22;0,24;0;0;0;0;0;0;0;0;0;0;0;1;1;1;1;1;0;0;0;0;0;0;0;0;0;0,2;1
84;0,02;0,74;0,22;0,12;0,21;0,27;0,22;0;0;0;0;0;0;0;0;0;1;1;1;1;1;1;0;0;0;0;0;0;0;0;0;0;0,39;1
85;0;0,8;0,22;0,13;0,2;0,26;0,14;0;0;0;0;0;0;0;0;0;0;0;0;1;1;1;1;1;1;0;0;0;0;0;0;0;0,84;1
86;0,01;0,73;0,26;0,12;0,25;0,24;0,12;0;0;0;0;0;0;0;0;0;0;0;0;1;1;1;1;1;1;0;0;0;0;0;0;0;0,2;1
87;0;0,6;0,29;0,12;0,3;0,38;0,16;0;0;0;0;0;0;0;0;0;1;1;1;1;1;1;1;1;1;0;0;0;0;0;0;0;0,39;1
88;0,01;0,68;0,23;0,12;0,22;0,39;0,13;0;0;0;0;0;0;0;0;0;0;1;1;1;1;1;1;1;1;1;0;0;0;0;0;0;0,84;1
89;0,01;0,83;0,24;0,14;0,22;0,37;0,14;0;0;0;0;0;0;0;0;0;0;1;1;1;1;1;1;1;1;1;0;0;0;0;0;0;0,76;1
90;0,01;0,6;0,32;0,12;0,33;0,21;0,23;0;0;0;0;0;0;0;0;0;0;0;0;1;1;1;1;1;0;0;0;0;0;0;0;0;0,47;1
91;0,01;0,94;0,31;0,17;0,29;0,17;0,31;0;0;0;0;0;0;0;0;0;1;1;1;1;1;0;0;0;0;0;0;0;0;0;0;0;0,14;1
92;0,02;0,7;0,21;0,11;0,2;0,3;0,08;0;0;0;0;0;0;0;0;0;0;0;1;1;1;1;1;1;1;0;0;0;0;0;0;0;0,2;1
93;0,01;0,75;0,24;0,12;0,23;0,36;0,11;0;0;0;0;0;0;0;0;0;1;1;1;1;1;1;1;1;0;0;0;0;0;0;0;0;1;1
94;0,02;0,59;0,23;0,11;0,22;0,29;0,19;0;0;0;0;0;0;0;0;0;0;0;0;1;1;1;1;1;1;1;0;0;0;0;0;0;0,6;1
95;0,01;0,93;0,32;0,17;0,31;0,29;0,08;0;0;0;0;0;0;0;0;0;1;1;1;1;1;1;1;0;0;0;0;0;0;0;0;0;1;1
96;0;0,78;0,22;0,13;0,2;0,17;0,3;0;0;0;0;0;0;0;0;0;0;0;1;1;1;1;0;0;0;0;0;0;0;0;0;0;0,2;1
97;0,01;0,94;0,35;0,16;0,34;0,34;0,16;0;0;0;0;0;0;0;0;0;0;0;0;1;1;1;1;1;1;1;1;1;0;0;0;0;0,2;1
98;0;0,94;0,36;0,16;0,35;0,42;0,14;0;0;0;0;0;0;0;0;0;0;0;1;1;1;1;1;1;1;1;1;1;0;0;0;0;1;1
99;0,01;0,62;0,27;0,13;0,28;0,29;0,2;0;0;0;0;0;0;0;0;0;1;1;1;1;1;1;1;0;0;0;0;0;0;0;0;0;0,2;1
100;0,01;0,75;0,24;0,13;0,22;0,36;0,15;0;0;0;0;0;0;0;0;0;0;1;1;1;1;1;1;1;1;1;0;0;0;0;0;0;0,47;1
101;0,01;0,66;0,21;0,1;0,2;0,2;0,27;0;0;0;0;0;0;0;0;0;0;0;0;1;1;1;1;0;0;0;0;0;0;0;0;0;0,14;1
102;0,01;0,78;0,23;0,13;0,21;0,19;0,21;0;0;0;0;0;0;0;0;0;0;0;0;1;1;1;1;1;0;0;0;0;0;0;0;0;0,2;1
103;0;0,95;0,31;0,17;0,29;0,4;0,15;0;0;0;0;0;0;0;0;0;0;1;1;1;1;1;1;1;1;1;1;0;0;0;0;0;0,76;0
104;0,01;0,82;0,27;0,14;0,26;0,33;0,19;0;0;0;0;0;0;0;0;0;0;0;0;1;1;1;1;1;1;1;1;0;0;0;0;0;0,84;1
105;0,01;0,67;0,24;0,12;0,24;0,17;0,21;0;0;0;0;0;0;0;0;0;1;1;1;1;0;0;0;0;0;0;0;0;0;0;0;0;0,76;1
106;0;0,64;0,24;0,12;0,25;0,26;0,23;0;0;0;0;0;0;0;0;0;1;1;1;1;1;1;0;0;0;0;0;0;0;0;0;0;0,6;1
107;0,01;0,75;0,24;0,12;0,23;0,2;0,14;0;0;0;0;0;0;0;0;0;1;1;1;1;1;0;0;0;0;0;0;0;0;0;0;0;0,76;1
108;0;0,61;0,27;0,11;0,29;0,23;0,14;0;0;0;0;0;0;0;0;0;0;1;1;1;1;1;0;0;0;0;0;0;0;0;0;0;0,2;1
109;0,01;0,76;0,28;0,14;0,28;0,18;0,22;0;0;0;0;0;0;0;0;0;1;1;1;1;1;0;0;0;0;0;0;0;0;0;0;0;0,76;1
110;0,01;0,95;0,3;0,17;0,28;0,25;0,15;0;0;0;0;0;0;0;0;0;1;1;1;1;1;0;0;0;0;0;0;0;0;0;0;0;0,34;1
111;0,01;0,76;0,24;0,12;0,22;0,4;0,15;0;0;0;0;0;0;0;0;0;1;1;1;1;1;1;1;1;1;1;0;0;0;0;0;0;0,76;0
112;0,01;0,64;0,22;0,1;0,22;0,18;0,19;0;0;0;0;0;0;0;0;0;1;1;1;1;0;0;0;0;0;0;0;0;0;0;0;0;0,39;1
113;0,01;0,73;0,22;0,11;0,2;0,39;0,08;0;0;0;0;0;0;0;0;0;1;1;1;1;1;1;1;1;1;1;0;0;0;0;0;0;0,34;1
114;0,01;0,63;0,27;0,11;0,28;0,28;0,14;0;0;0;0;0;0;0;0;0;0;0;1;1;1;1;1;1;1;0;0;0;0;0;0;0;0,6;1
115;0,01;0,87;0,27;0,16;0,25;0,18;0,16;0;0;0;0;0;0;0;0;0;1;1;1;1;0;0;0;0;0;0;0;0;0;0;0;0;0,47;1
116;0,01;0,67;0,21;0,1;0,21;0,29;0,11;0;0;0;0;0;0;0;0;0;0;0;1;1;1;1;1;1;1;0;0;0;0;0;0;0;0,6;1
117;0;0,64;0,25;0,12;0,25;0,41;0,06;0;0;0;0;0;0;0;0;0;0;0;0;1;1;1;1;1;1;1;1;1;1;0;0;0;0,14;1
118;0,01;0,86;0,25;0,15;0,23;0,23;0,15;0;0;0;0;0;0;0;0;0;0;0;1;1;1;1;1;1;0;0;0;0;0;0;0;0;0,2;1
119;0,01;0,55;0,25;0,11;0,24;0,35;0,14;0;0;0;0;0;0;0;0;0;0;1;1;1;1;1;1;1;1;1;0;0;0;0;0;0;0,84;1
120;0;0,55;0,28;0,11;0,28;0,25;0,13;0;0;0;0;0;0;0;0;0;0;0;0;1;1;1;1;1;1;0;0;0;0;0;0;0;0,34;1
121;0,01;0,82;0,3;0,14;0,29;0,27;0,11;0;0;0;0;0;0;0;0;0;0;1;1;1;1;1;1;0;0;0;0;0;0;0;0;0;0,2;1
122;0,01;0,67;0,23;0,12;0,22;0,3;0,2;0;0;0;0;0;0;0;0;0;0;0;0;1;1;1;1;1;1;1;1;0;0;0;0;0;0,47;1
123;0,01;0,61;0,23;0,11;0,22;0,21;0,18;0;0;0;0;0;0;0;0;0;0;1;1;1;1;1;0;0;0;0;0;0;0;0;0;0;0,39;1
124;0,01;0,85;0,24;0,15;0,21;0,25;0,12;0;0;0;0;0;0;0;0;0;1;1;1;1;1;1;0;0;0;0;0;0;0;0;0;0;0,39;1
125;0,01;0,96;0,32;0,17;0,3;0,4;0,14;0;0;0;0;0;0;0;0;0;0;1;1;1;1;1;1;1;1;1;1;0;0;0;0;0;0,84;0
126;0,01;0,62;0,23;0,11;0,23;0,29;0,15;0;0;0;0;0;0;0;0;0;0;1;1;1;1;1;1;1;0;0;0;0;0;0;0;0;0,39;1
127;0;0,95;0,31;0,17;0,29;0,27;0,17;0;0;0;0;0;0;0;0;0;1;1;1;1;1;1;0;0;0;0;0;0;0;0;0;0;0,76;1
128;0,01;0,75;0,21;0,12;0,19;0,28;0,2;0;0;0;0;0;0;0;0;0;0;1;1;1;1;1;1;1;0;0;0;0;0;0;0;0;0,47;1
129;0,01;0,81;0,26;0,14;0,26;0,35;0,13;0;0;0;0;0;0;0;0;0;0;0;1;1;1;1;1;1;1;1;0;0;0;0;0;0;0,6;1
130;0;0,64;0,22;0,1;0,22;0,17;0,17;0;0;0;0;0;0;0;0;0;1;1;1;1;0;0;0;0;0;0;0;0;0;0;0;0;0,68;1
131;0,01;0,79;0,22;0,13;0,19;0,36;0,12;0;0;0;0;0;0;0;0;0;0;0;0;1;1;1;1;1;1;1;1;1;0;0;0;0;0,6;1
132;0,01;0,99;0,36;0,17;0,34;0,33;0,08;0;0;0;0;0;0;0;0;0;1;1;1;1;1;1;1;1;0;0;0;0;0;0;0;0;0,34;1
133;0,01;0,7;0,27;0,13;0,27;0,3;0,1;0;0;0;0;0;0;0;0;0;0;0;1;1;1;1;1;1;1;1;0;0;0;0;0;0;0,34;1
134;0,01;0,58;0,3;0,12;0,31;0,24;0,18;0;0;0;0;0;0;0;0;0;0;0;0;1;1;1;1;1;1;0;0;0;0;0;0;0;0,2;1
135;0,02;0,79;0,3;0,13;0,29;0,19;0,22;0;0;0;0;0;0;0;0;1;1;1;1;1;0;0;0;0;0;0;0;0;0;0;0;0;0,76;1
136;0,02;0,85;0,29;0,15;0,29;0,4;0,13;0;0;0;0;0;0;0;0;0;0;0;0;1;1;1;1;1;1;1;1;1;0;0;0;0;0,34;1
137;0,01;0,77;0,22;0,13;0,2;0,24;0,14;0;0;0;0;0;0;0;0;0;0;0;0;1;1;1;1;1;1;0;0;0;0;0;0;0;0,76;1
138;0;0,88;0,26;0,15;0,25;0,38;0,08;0;0;0;0;0;0;0;0;0;0;0;0;1;1;1;1;1;1;1;1;1;0;0;0;0;0,76;1
139;0,01;0,86;0,26;0,15;0,24;0,31;0,09;0;0;0;0;0;0;0;0;0;0;0;1;1;1;1;1;1;1;1;0;0;0;0;0;0;0,39;1
140;0,01;0,73;0,27;0,14;0,27;0,2;0,12;0;0;0;0;0;0;0;0;0;0;1;1;1;1;1;0;0;0;0;0;0;0;0;0;0;0,34;1
141;0,01;0,85;0,26;0,15;0,24;0,34;0,13;0;0;0;0;0;0;0;0;0;0;1;1;1;1;1;1;1;1;1;0;0;0;0;0;0;0,76;1
142;0,01;0,91;0,32;0,16;0,31;0,34;0,13;0;0;0;0;0;0;0;0;0;0;0;1;1;1;1;1;1;1;1;0;0;0;0;0;0;0,68;1
143;0,01;0,62;0,27;0,13;0,28;0,17;0,27;0;0;0;0;0;0;0;0;0;0;0;1;1;1;1;0;0;0;0;0;0;0;0;0;0;0,2;1
144;0;0,67;0,31;0,14;0,32;0,22;0,24;0;0;0;0;0;0;0;0;0;0;1;1;1;1;1;0;0;0;0;0;0;0;0;0;0;0,6;1
145;0,01;0,78;0,25;0,13;0,24;0,37;0,07;0;0;0;0;0;0;0;0;0;0;0;1;1;1;1;1;1;1;1;1;0;0;0;0;0;0,2;1
146;0;0,76;0,27;0,14;0,27;0,32;0,09;0;0;0;0;0;0;0;0;0;0;0;1;1;1;1;1;1;1;0;0;0;0;0;0;0;0,76;1
147;0;0,87;0,28;0,15;0,28;0,31;0,08;0;0;0;0;0;0;0;0;0;0;0;0;1;1;1;1;1;1;1;0;0;0;0;0;0;0,68;1
148;0;0,69;0,28;0,14;0,28;0,31;0,18;0;0;0;0;0;0;0;0;0;1;1;1;1;1;1;1;0;0;0;0;0;0;0;0;0;0,39;1
149;0,01;0,71;0,24;0,13;0,23;0,28;0,16;0;0;0;0;0;0;0;0;0;0;0;0;1;1;1;1;1;1;1;0;0;0;0;0;0;1;1
150;0;0,84;0,24;0,15;0,22;0,41;0,14;0;0;0;0;0;0;0;0;0;0;0;1;1;1;1;1;1;1;1;1;0;0;0;0;0;0,76;0
151;0;0,86;0,25;0,15;0,24;0,35;0,07;0;0;0;0;0;0;0;0;0;0;0;1;1;1;1;1;1;1;1;1;0;0;0;0;0;0,6;1
152;0,01;0,55;0,26;0,11;0,26;0,23;0,22;0;0;0;0;0;0;0;0;0;1;1;1;1;1;0;0;0;0;0;0;0;0;0;0;0;1;1
153;0,01;0,84;0,31;0,14;0,3;0,28;0,16;0;0;0;0;0;0;0;0;0;0;0;1;1;1;1;1;1;0;0;0;0;0;0;0;0;0,2;1
154;0,01;0,89;0,31;0,15;0,31;0,3;0,12;0;0;0;0;0;0;0;0;0;1;1;1;1;1;1;1;0;0;0;0;0;0;0;0;0;0,14;1
155;0;0,75;0,26;0,14;0,25;0,4;0,11;0;0;0;0;0;0;0;0;0;0;0;0;1;1;1;1;1;1;1;1;1;0;0;0;0;0,2;1
156;0,02;0,7;0,26;0,12;0,25;0,31;0,1;0;0;0;0;0;0;0;0;0;1;1;1;1;1;1;1;1;0;0;0;0;0;0;0;0;0,39;1
157;0,01;0,77;0,26;0,14;0,24;0,28;0,07;0;0;0;0;0;0;0;0;0;0;1;1;1;1;1;1;1;0;0;0;0;0;0;0;0;0,76;1
158;0,02;0,77;0,21;0,12;0,19;0,35;0,14;0;0;0;0;0;0;0;0;0;1;1;1;1;1;1;1;1;1;0;0;0;0;0;0;0;0,76;1
159;0,01;0,94;0,34;0,17;0,32;0,22;0,11;0;0;0;0;0;0;0;0;0;0;1;1;1;1;1;0;0;0;0;0;0;0;0;0;0;0,84;1
160;0;0,67;0,31;0,14;0,32;0,26;0,24;0;0;0;0;0;0;0;0;0;0;0;1;1;1;1;1;1;0;0;0;0;0;0;0;0;0,84;1
161;0;0,74;0,2;0,11;0,19;0,31;0,15;0;0;0;0;0;0;0;0;0;0;0;0;1;1;1;1;1;1;1;1;0;0;0;0;0;0,39;1
162;0,01;0,56;0,26;0,11;0,28;0,37;0,17;0;0;0;0;0;0;0;0;0;1;1;1;1;1;1;1;1;1;0;0;0;0;0;0;0;0,76;1
163;0,01;0,65;0,26;0,11;0,27;0,33;0,12;0;0;0;0;0;0;0;0;0;0;1;1;1;1;1;1;1;1;0;0;0;0;0;0;0;0,34;1
164;0,01;0,57;0,29;0,12;0,3;0,36;0,16;0;0;0;0;0;0;0;0;0;0;0;1;1;1;1;1;1;1;1;1;0;0;0;0;0;1;1
165;0,01;0,86;0,26;0,15;0,25;0,24;0,24;0;0;0;0;0;0;0;0;0;0;0;0;1;1;1;1;1;0;0;0;0;0;0;0;0;1;1
166;0,01;0,86;0,28;0,15;0,27;0,34;0,09;0;0;0;0;0;0;0;0;0;0;1;1;1;1;1;1;1;1;0;0;0;0;0;0;0;0,84;1
167;0,01;0,83;0,23;0,14;0,21;0,33;0,11;0;0;0;0;0;0;0;0;0;0;0;0;1;1;1;1;1;1;1;1;0;0;0;0;0;0,6;1
168;0,01;0,96;0,33;0,17;0,32;0,27;0,17;0;0;0;0;0;0;0;0;0;0;0;0;1;1;1;1;1;1;0;0;0;0;0;0;0;0,6;1
169;0,01;0,78;0,25;0,14;0,23;0,33;0,16;0;0;0;0;0;0;0;0;0;0;1;1;1;1;1;1;1;1;0;0;0;0;0;0;0;0,39;1
170;0;0,74;0,2;0,11;0,19;0,19;0,18;0;0;0;0;0;0;0;0;0;1;1;1;1;0;0;0;0;0;0;0;0;0;0;0;0;0,47;1
171;0,01;0,56;0,25;0,11;0,26;0,17;0,18;0;0;0;0;0;0;0;0;0;0;1;1;1;1;0;0;0;0;0;0;0;0;0;0;0;0,34;1
172;0,01;0,81;0,22;0,14;0,2;0,24;0,22;0;0;0;0;0;0;0;0;0;0;0;0;1;1;1;1;1;0;0;0;0;0;0;0;0;0,76;1
173;0,01;0,64;0,26;0,13;0,27;0,3;0,08;0;0;0;0;0;0;0;0;0;1;1;1;1;1;1;1;0;0;0;0;0;0;0;0;0;0,84;1
174;0,01;0,81;0,22;0,13;0,2;0,34;0,13;0;0;0;0;0;0;0;0;0;0;0;0;1;1;1;1;1;1;1;1;0;0;0;0;0;0,14;1
175;0,01;0,81;0,27;0,14;0,26;0,22;0,23;0;0;0;0;0;0;0;0;0;0;0;0;1;1;1;1;1;0;0;0;0;0;0;0;0;0,84;1
176;0,01;0,65;0,21;0,11;0,2;0,39;0,13;0;0;0;0;0;0;0;0;0;1;1;1;1;1;1;1;1;1;0;0;0;0;0;0;0;0,76;1
177;0,01;0,76;0,23;0,13;0,21;0,21;0,16;0;0;0;0;0;0;0;0;0;1;1;1;1;1;0;0;0;0;0;0;0;0;0;0;0;0,39;1
178;0,01;0,7;0,22;0,11;0,21;0,36;0,08;0;0;0;0;0;0;0;0;0;0;0;1;1;1;1;1;1;1;1;1;0;0;0;0;0;0,39;1
179;0,01;0,88;0,26;0,16;0,23;0,37;0,12;0;0;0;0;0;0;0;0;0;0;0;0;1;1;1;1;1;1;1;1;1;0;0;0;0;0,39;1
180;0,01;0,67;0,31;0,13;0,32;0,18;0,12;0;0;0;0;0;0;0;0;0;0;1;1;1;1;1;0;0;0;0;0;0;0;0;0;0;0,68;1
181;0,01;0,84;0,23;0,14;0,21;0,23;0,09;0;0;0;0;0;0;0;0;0;0;0;1;1;1;1;1;0;0;0;0;0;0;0;0;0;0,2;1
182;0,01;0,7;0,29;0,14;0,3;0,17;0,24;0;0;0;0;0;0;0;0;0;0;1;1;1;1;0;0;0;0;0;0;0;0;0;0;0;0,76;1
183;0,01;0,9;0,31;0,16;0,3;0,24;0,2;0;0;0;0;0;0;0;0;0;0;1;1;1;1;1;1;0;0;0;0;0;0;0;0;0;0,47;1
184;0,01;0,63;0,22;0,11;0,22;0,29;0,14;0;0;0;0;0;0;0;0;0;0;0;1;1;1;1;1;1;1;0;0;0;0;0;0;0;0,14;1
185;0,01;0,96;0,33;0,17;0,31;0,3;0,12;0;0;0;0;0;0;0;0;0;1;1;1;1;1;1;1;0;0;0;0;0;0;0;0;0;0,39;1
186;0,02;0,94;0,3;0,17;0,29;0,21;0,3;0;0;0;0;0;0;0;0;0;0;1;1;1;1;1;0;0;0;0;0;0;0;0;0;0;0,6;1
187;0,01;0,95;0,3;0,17;0,28;0,27;0,18;0;0;0;0;0;0;0;0;0;0;1;1;1;1;1;1;1;0;0;0;0;0;0;0;0;1;1
188;0,01;0,66;0,21;0,1;0,2;0,35;0,13;0;0;0;0;0;0;0;0;0;0;0;1;1;1;1;1;1;1;1;1;0;0;0;0;0;0,39;1
189;0,01;0,7;0,2;0,1;0,19;0,19;0,14;0;0;0;0;0;0;0;0;0;0;1;1;1;1;1;0;0;0;0;0;0;0;0;0;0;0,39;1
190;0,01;0,61;0,29;0,12;0,3;0,29;0,14;0;0;0;0;0;0;0;0;0;0;0;1;1;1;1;1;1;1;0;0;0;0;0;0;0;0,39;1
191;0,01;0,78;0,27;0,13;0,26;0,33;0,07;0;0;0;0;0;0;0;0;0;1;1;1;1;1;1;1;1;0;0;0;0;0;0;0;0;0,2;1
192;0,01;0,69;0,33;0,13;0,34;0,2;0,26;0;0;0;0;0;0;0;0;0;0;0;0;1;1;1;1;1;0;0;0;0;0;0;0;0;1;1
193;0,01;0,79;0,21;0,13;0,19;0,26;0,22;0;0;0;0;0;0;0;0;0;0;0;0;1;1;1;1;1;1;1;0;0;0;0;0;0;0,6;1
194;0,01;0,61;0,22;0,1;0,21;0,32;0,17;0;0;0;0;0;0;0;0;0;0;0;1;1;1;1;1;1;1;1;0;0;0;0;0;0;0,68;1
195;0,01;0,53;0,27;0,11;0,27;0,3;0,07;0;0;0;0;0;0;0;0;0;0;0;0;1;1;1;1;1;1;1;0;0;0;0;0;0;0,14;1
196;0,01;0,95;0,31;0,17;0,29;0,33;0,13;0;0;0;0;0;0;0;0;0;0;0;1;1;1;1;1;1;1;1;0;0;0;0;0;0;0,84;1
197;0;0,6;0,25;0,11;0,26;0,33;0,17;0;0;0;0;0;0;0;0;0;0;0;1;1;1;1;1;1;1;1;0;0;0;0;0;0;0,39;1
198;0,01;0,64;0,26;0,11;0,27;0,34;0,09;0;0;0;0;0;0;0;0;0;0;0;1;1;1;1;1;1;1;1;0;0;0;0;0;0;0,14;1
199;0,01;0,87;0,27;0,16;0,25;0,23;0,13;0;0;0;0;0;0;0;0;0;0;1;1;1;1;1;0;0;0;0;0;0;0;0;0;0;0,68;1
200;0,01;0,81;0,23;0,14;0,22;0,26;0,13;0;0;0;0;0;0;0;0;0;0;0;0;1;1;1;1;1;1;0;0;0;0;0;0;0;0,6;1
201;0,01;0,72;0,24;0,13;0,23;0,17;0,16;0;0;0;0;0;0;0;0;0;1;1;1;1;0;0;0;0;0;0;0;0;0;0;0;0;0,6;1
202;0,02;0,65;0,21;0,1;0,21;0,23;0,1;0;0;0;0;0;0;0;0;0;0;1;1;1;1;1;1;0;0;0;0;0;0;0;0;0;0,47;1
203;0;0,59;0,3;0,12;0,31;0,38;0,14;0;0;0;0;0;0;0;0;0;1;1;1;1;1;1;1;1;1;0;0;0;0;0;0;0;1;1
204;0,01;0,68;0,23;0,11;0,22;0,41;0,14;0;0;0;0;0;0;0;0;0;0;1;1;1;1;1;1;1;1;1;1;0;0;0;0;0;0,68;0
205;0,01;0,71;0,25;0,12;0,23;0,18;0,18;0;0;0;0;0;0;0;0;0;0;0;0;1;1;1;1;0;0;0;0;0;0;0;0;0;1;1
206;0,01;0,63;0,24;0,12;0,25;0,3;0,1;0;0;0;0;0;0;0;0;0;0;1;1;1;1;1;1;1;0;0;0;0;0;0;0;0;0,14;1
207;0;0,58;0,25;0,12;0,25;0,23;0,25;0;0;0;0;0;0;0;0;0;0;0;0;1;1;1;1;1;1;0;0;0;0;0;0;0;0,14;1
208;0,01;0,62;0,29;0,12;0,3;0,17;0,23;0;0;0;0;0;0;0;0;0;0;1;1;1;1;0;0;0;0;0;0;0;0;0;0;0;0,84;1
209;0,01;0,66;0,21;0,11;0,2;0,31;0,14;0;0;0;0;0;0;0;0;0;0;1;1;1;1;1;1;1;0;0;0;0;0;0;0;0;0,47;1
210;0,01;0,93;0,29;0,17;0,27;0,36;0,13;0;0;0;0;0;0;0;0;0;1;1;1;1;1;1;1;1;1;0;0;0;0;0;0;0;0,34;1
211;0,01;0,98;0,34;0,17;0,33;0,18;0,13;0;0;0;0;0;0;0;0;0;0;0;1;1;1;1;0;0;0;0;0;0;0;0;0;0;0,47;1
212;0;0,59;0,27;0,12;0,26;0,19;0,31;0;0;0;0;0;0;0;0;0;0;0;1;1;1;1;1;0;0;0;0;0;0;0;0;0;0,34;1
213;0,01;0,63;0,28;0,13;0,29;0,29;0,18;0;0;0;0;0;0;0;0;0;0;0;0;1;1;1;1;1;1;1;0;0;0;0;0;0;0,2;1
214;0,01;0,9;0,28;0,16;0,25;0,4;0,09;0;0;0;0;0;0;0;0;0;0;0;1;1;1;1;1;1;1;1;1;1;0;0;0;0;0,6;0
215;0;0,66;0,31;0,14;0,32;0,24;0,2;0;0;0;0;0;0;0;0;0;0;0;1;1;1;1;1;0;0;0;0;0;0;0;0;0;0,84;1
216;0;0,9;0,32;0,16;0,3;0,25;0,22;0;0;0;0;0;0;0;0;0;0;0;0;1;1;1;1;1;1;0;0;0;0;0;0;0;1;1
217;0,02;0,92;0,28;0,16;0,26;0,2;0,19;0;0;0;0;0;0;0;0;0;0;1;1;1;1;1;0;0;0;0;0;0;0;0;0;0;0,39;1
218;0,01;0,73;0,24;0,12;0,23;0,19;0,32;0;0;0;0;0;0;0;0;0;1;1;1;1;1;0;0;0;0;0;0;0;0;0;0;0;0,84;1
219;0;0,79;0,27;0,13;0,26;0,17;0,13;0;0;0;0;0;0;0;0;0;1;1;1;1;0;0;0;0;0;0;0;0;0;0;0;0;0,2;1
220;0;0,66;0,21;0,1;0,19;0,34;0,07;0;0;0;0;0;0;0;0;0;0;0;1;1;1;1;1;1;1;1;0;0;0;0;0;0;0,6;1
221;0,01;0,81;0,24;0,14;0,21;0,17;0,22;0;0;0;0;0;0;0;0;0;0;0;0;1;1;1;1;0;0;0;0;0;0;0;0;0;0,47;1
222;0,01;0,9;0,28;0,16;0,26;0,25;0,14;0;0;0;0;0;0;0;0;0;0;0;0;1;1;1;1;1;1;0;0;0;0;0;0;0;0,47;1
223;0,01;0,77;0,25;0,14;0,23;0,17;0,14;0;0;0;0;0;0;0;0;0;0;0;0;1;1;1;1;0;0;0;0;0;0;0;0;0;0,34;1
224;0,01;0,56;0,29;0,12;0,3;0,18;0,19;0;0;0;0;0;0;0;0;0;0;0;0;1;1;1;1;0;0;0;0;0;0;0;0;0;0,84;1
225;0,02;0,81;0,28;0,14;0,28;0,36;0,15;0;0;0;0;0;0;0;0;0;0;1;1;1;1;1;1;1;1;1;0;0;0;0;0;0;0,2;1
226;0,01;0,84;0,23;0,14;0,21;0,21;0,15;0;0;0;0;0;0;0;0;0;0;1;1;1;1;1;0;0;0;0;0;0;0;0;0;0;0,34;1
227;0,01;0,91;0,35;0,15;0,35;0,37;0,17;0;0;0;0;0;0;0;0;0;0;1;1;1;1;1;1;1;1;1;0;0;0;0;0;0;0,34;1
228;0;0,6;0,26;0,11;0,28;0,31;0,07;0;0;0;0;0;0;0;0;0;0;0;0;1;1;1;1;1;1;1;1;0;0;0;0;0;0,6;1
229;0,01;0,79;0,22;0,13;0,19;0,24;0,17;0;0;0;0;0;0;0;0;0;0;0;0;1;1;1;1;1;0;0;0;0;0;0;0;0;0,2;1
230;0,01;0,72;0,23;0,12;0,22;0,22;0,27;0;0;0;0;0;0;0;0;0;0;0;1;1;1;1;1;1;0;0;0;0;0;0;0;0;0,47;1
231;0,01;0,79;0,22;0,13;0,2;0,32;0,09;0;0;0;0;0;0;0;0;0;1;1;1;1;1;1;1;1;0;0;0;0;0;0;0;0;0,34;1
232;0;0,7;0,2;0,11;0,19;0,28;0,18;0;0;0;0;0;0;0;0;0;0;0;0;1;1;1;1;1;1;1;0;0;0;0;0;0;0,14;1
233;0;0,83;0,24;0,14;0,23;0,24;0,17;0;0;0;0;0;0;0;0;0;0;0;0;1;1;1;1;1;1;0;0;0;0;0;0;0;0,2;1
234;0,01;0,72;0,24;0,13;0,23;0,18;0,15;0;0;0;0;0;0;0;0;0;0;1;1;1;1;0;0;0;0;0;0;0;0;0;0;0;0,2;1
235;0,01;0,69;0,24;0,11;0,23;0,36;0,15;0;0;0;0;0;0;0;0;0;0;0;0;1;1;1;1;1;1;1;1;1;0;0;0;0;0,68;1
236;0;0,71;0,21;0,11;0,19;0,4;0,11;0;0;0;0;0;0;0;0;0;0;0;1;1;1;1;1;1;1;1;1;1;0;0;0;0;0,76;1
237;0,02;0,75;0,25;0,14;0,23;0,22;0,14;0;0;0;0;0;0;0;0;0;0;0;0;1;1;1;1;1;0;0;0;0;0;0;0;0;0,68;1
238;0,01;0,61;0,22;0,1;0,21;0,23;0,15;0;0;0;0;0;0;0;0;0;1;1;1;1;1;1;0;0;0;0;0;0;0;0;0;0;0,47;1
239;0,02;0,91;0,28;0,16;0,26;0,22;0,24;0;0;0;0;0;0;0;0;0;0;0;0;1;1;1;1;1;1;0;0;0;0;0;0;0;0,34;1
240;0;0,61;0,27;0,11;0,28;0,26;0,15;0;0;0;0;0;0;0;0;0;0;0;1;1;1;1;1;1;1;0;0;0;0;0;0;0;0,34;1
241;0;0,76;0,28;0,13;0,27;0,4;0,13;0;0;0;0;0;0;0;0;0;1;1;1;1;1;1;1;1;1;0;0;0;0;0;0;0;0,84;1
242;0;0,8;0,27;0,13;0,26;0,38;0,15;0;0;0;0;0;0;0;0;0;0;0;0;1;1;1;1;1;1;1;1;1;0;0;0;0;0,84;1
243;0,02;0,58;0,29;0,12;0,3;0,21;0,15;0;0;0;0;0;0;0;0;0;0;1;1;1;1;1;0;0;0;0;0;0;0;0;0;0;0,84;1
244;0,01;0,87;0,25;0,15;0,23;0,37;0,12;0;0;0;0;0;0;0;0;0;0;1;1;1;1;1;1;1;1;1;0;0;0;0;0;0;1;1
245;0,03;0,85;0,29;0,15;0,26;0,32;0,18;0;0;0;0;0;0;0;0;0;1;1;1;1;1;1;1;0;0;0;0;0;0;0;0;0;1;1
246;0,01;0,68;0,25;0,11;0,25;0,32;0,15;0;0;0;0;0;0;0;0;0;1;1;1;1;1;1;1;0;0;0;0;0;0;0;0;0;0,76;1
247;0;0,84;0,26;0,15;0,24;0,21;0,13;0;0;0;0;0;0;0;0;0;1;1;1;1;1;0;0;0;0;0;0;0;0;0;0;0;0,2;1
248;0,01;0,81;0,3;0,14;0,29;0,23;0,16;0;0;0;0;0;0;0;0;0;0;0;1;1;1;1;1;0;0;0;0;0;0;0;0;0;0,47;1
249;0,01;0,75;0,23;0,13;0,21;0,39;0,06;0;0;0;0;0;0;0;0;0;0;0;0;1;1;1;1;1;1;1;1;1;1;0;0;0;1;1
250;0;0,85;0,26;0,15;0,24;0,33;0,1;0;0;0;0;0;0;0;0;0;0;0;0;1;1;1;1;1;1;1;1;0;0;0;0;0;0,34;1
251;0,01;0,59;0,26;0,12;0,26;0,23;0,12;0;0;0;0;0;0;0;0;0;0;0;0;1;1;1;1;1;1;0;0;0;0;0;0;0;0,2;1
252;0,01;0,66;0,25;0,11;0,25;0,35;0,06;0;0;0;0;0;0;0;0;0;1;1;1;1;1;1;1;1;0;0;0;0;0;0;0;0;0,84;1
253;0,01;0,82;0,23;0,14;0,21;0,35;0,18;0;0;0;0;0;0;0;0;0;1;1;1;1;1;1;1;1;0;0;0;0;0;0;0;0;0,6;1
254;0,01;0,8;0,22;0,13;0,2;0,18;0,24;0;0;0;0;0;0;0;0;0;0;0;0;1;1;1;1;0;0;0;0;0;0;0;0;0;0,34;1
255;0,01;0,8;0,25;0,13;0,24;0,34;0,08;0;0;0;0;0;0;0;0;0;1;1;1;1;1;1;1;1;0;0;0;0;0;0;0;0;0,2;1
256;0,01;0,83;0,24;0,14;0,22;0,4;0,05;0;0;0;0;0;0;0;0;0;0;0;0;1;1;1;1;1;1;1;1;1;1;0;0;0;0,6;1
257;0,02;0,67;0,21;0,1;0,2;0,39;0,1;0;0;0;0;0;0;0;0;0;1;1;1;1;1;1;1;1;1;1;0;0;0;0;0;0;0,84;0
258;0;0,6;0,29;0,12;0,3;0,32;0,1;0;0;0;0;0;0;0;0;0;0;0;0;1;1;1;1;1;1;1;1;0;0;0;0;0;0,2;1
259;0,01;0,65;0,23;0,12;0,23;0,25;0,09;0;0;0;0;0;0;0;0;0;0;0;1;1;1;1;1;1;0;0;0;0;0;0;0;0;0,2;1
260;0,02;0,89;0,3;0,16;0,29;0,33;0,14;0;0;0;0;0;0;0;0;0;0;0;0;1;1;1;1;1;1;1;1;0;0;0;0;0;0,47;1
261;0,01;0,61;0,24;0,11;0,24;0,32;0,11;0;0;0;0;0;0;0;0;0;0;0;1;1;1;1;1;1;1;0;0;0;0;0;0;0;1;1
262;0,01;0,91;0,29;0,16;0,27;0,21;0,24;0;0;0;0;0;0;0;0;0;0;0;1;1;1;1;1;0;0;0;0;0;0;0;0;0;0,47;1
263;0,02;0,64;0,28;0,12;0,29;0,37;0,08;0;0;0;0;0;0;0;0;0;0;0;1;1;1;1;1;1;1;1;1;0;0;0;0;0;1;1
264;0;0,87;0,3;0,15;0,29;0,38;0,1;0;0;0;0;0;0;0;0;0;0;0;0;1;1;1;1;1;1;1;1;1;0;0;0;0;0,34;1
265;0,01;0,9;0,27;0,16;0,24;0,3;0,11;0;0;0;0;0;0;0;0;0;1;1;1;1;1;1;1;1;0;0;0;0;0;0;0;0;0,84;1
266;0,01;0,73;0,21;0,12;0,19;0,26;0,08;0;0;0;0;0;0;0;0;0;0;1;1;1;1;1;1;0;0;0;0;0;0;0;0;0;0,39;1
267;0,01;0,58;0,23;0,11;0,23;0,38;0,15;0;0;0;0;0;0;0;0;0;0;0;0;1;1;1;1;1;1;1;1;1;0;0;0;0;0,76;1
268;0,01;0,6;0,27;0,12;0,27;0,26;0,15;0;0;0;0;0;0;0;0;0;0;1;1;1;1;1;1;0;0;0;0;0;0;0;0;0;0,76;1
269;0,01;0,66;0,25;0,11;0,26;0,25;0,14;0;0;0;0;0;0;0;0;0;0;0;0;1;1;1;1;1;1;0;0;0;0;0;0;0;1;1
270;0,01;0,88;0,26;0,15;0,23;0,28;0,13;0;0;0;0;0;0;0;0;0;0;0;0;1;1;1;1;1;1;0;0;0;0;0;0;0;0,47;1
271;0;0,57;0,29;0,12;0,3;0,27;0,16;0;0;0;0;0;0;0;0;0;0;0;1;1;1;1;1;1;1;0;0;0;0;0;0;0;0,39;1
272;0,01;0,64;0,24;0,12;0,24;0,4;0,12;0;0;0;0;0;0;0;0;0;0;0;0;1;1;1;1;1;1;1;1;1;0;0;0;0;0,2;1
273;0,01;0,72;0,21;0,11;0,19;0,18;0,22;0;0;0;0;0;0;0;0;0;0;0;1;1;1;1;0;0;0;0;0;0;0;0;0;0;0,68;1
274;0;0,94;0,3;0,17;0,28;0,41;0,13;0;0;0;0;0;0;0;0;0;0;0;0;1;1;1;1;1;1;1;1;1;1;0;0;0;0,47;1
275;0,01;0,73;0,22;0,12;0,19;0,33;0,08;0;0;0;0;0;0;0;0;0;1;1;1;1;1;1;1;1;0;0;0;0;0;0;0;0;0,34;1
276;0,01;0,62;0,22;0,1;0,21;0,26;0,15;0;0;0;0;0;0;0;0;0;0;0;0;1;1;1;1;1;1;0;0;0;0;0;0;0;0,2;1
277;0,01;0,76;0,21;0,12;0,19;0,17;0,34;0;0;0;0;0;0;0;0;0;1;1;1;1;0;0;0;0;0;0;0;0;0;0;0;0;0,2;1
278;0,01;0,72;0,27;0,14;0,28;0,32;0,09;0;0;0;0;0;0;0;0;0;0;0;0;1;1;1;1;1;1;1;0;0;0;0;0;0;0,14;1
279;0,02;0,63;0,21;0,1;0,2;0,18;0,16;0;0;0;0;0;0;0;0;0;0;0;0;1;1;1;1;1;0;0;0;0;0;0;0;0;1;1
280;0,01;0,6;0,22;0,1;0,21;0,19;0,16;0;0;0;0;0;0;0;0;0;0;0;0;1;1;1;1;0;0;0;0;0;0;0;0;0;0,14;1
281;0,01;0,85;0,24;0,15;0,22;0,26;0,15;0;0;0;0;0;0;0;0;0;0;1;1;1;1;1;1;1;0;0;0;0;0;0;0;0;0,14;1
282;0,01;0,58;0,23;0,1;0,22;0,18;0,13;0;0;0;0;0;0;0;0;0;1;1;1;1;1;0;0;0;0;0;0;0;0;0;0;0;1;1
283;0;0,53;0,25;0,11;0,25;0,2;0,28;0;0;0;0;0;0;0;0;0;1;1;1;1;1;0;0;0;0;0;0;0;0;0;0;0;0,2;1
284;0,01;0,67;0,2;0,1;0,19;0,38;0,12;0;0;0;0;0;0;0;0;0;0;0;1;1;1;1;1;1;1;1;1;1;0;0;0;0;0,68;1
285;0;0,84;0,26;0,15;0,24;0,23;0,26;0;0;0;0;0;0;0;0;0;0;1;1;1;1;1;0;0;0;0;0;0;0;0;0;0;0,76;1
286;0,01;0,56;0,28;0,12;0,29;0,32;0,17;0;0;0;0;0;0;0;0;0;0;0;0;1;1;1;1;1;1;1;1;0;0;0;0;0;0,68;1
287;0,01;0,61;0,22;0,1;0,21;0,19;0,2;0;0;0;0;0;0;0;0;0;1;1;1;1;1;0;0;0;0;0;0;0;0;0;0;0;0,2;1
288;0,01;0,6;0,23;0,1;0,23;0,23;0,15;0;0;0;0;0;0;0;0;0;0;0;0;1;1;1;1;1;1;0;0;0;0;0;0;0;0,14;1
289;0;0,77;0,21;0,12;0,19;0,32;0,17;0;0;0;0;0;0;0;0;0;0;0;1;1;1;1;1;1;1;0;0;0;0;0;0;0;0,14;1
290;0,01;0,76;0,27;0,13;0,26;0,27;0,19;0;0;0;0;0;0;0;0;0;0;0;1;1;1;1;1;1;1;0;0;0;0;0;0;0;0,76;1
291;0,02;0,73;0,21;0,12;0,19;0,41;0,07;0;0;0;0;0;0;0;0;0;0;1;1;1;1;1;1;1;1;1;1;0;0;0;0;0;0,14;1
292;0,01;0,83;0,23;0,14;0,2;0,22;0,24;0;0;0;0;0;0;0;0;0;0;0;0;1;1;1;1;1;0;0;0;0;0;0;0;0;0,6;1
293;0;0,87;0,29;0,15;0,28;0,26;0,11;0;0;0;0;0;0;0;0;0;0;1;1;1;1;1;1;0;0;0;0;0;0;0;0;0;0,76;1
294;0,01;0,56;0,25;0,11;0,24;0,24;0,22;0;0;0;0;0;0;0;0;0;0;0;1;1;1;1;1;0;0;0;0;0;0;0;0;0;0,6;1
295;0,01;0,86;0,24;0,15;0,22;0,22;0,15;0;0;0;0;0;0;0;0;0;0;1;1;1;1;1;0;0;0;0;0;0;0;0;0;0;0,68;1
296;0;0,56;0,24;0,11;0,23;0,3;0,12;0;0;0;0;0;0;0;0;0;0;0;1;1;1;1;1;1;1;0;0;0;0;0;0;0;0,6;1
297;0,01;0,6;0,25;0,11;0,27;0,29;0,13;0;0;0;0;0;0;0;0;0;0;0;0;1;1;1;1;1;1;0;0;0;0;0;0;0;0,14;1
298;0,01;0,67;0,21;0,11;0,19;0,3;0,13;0;0;0;0;0;0;0;0;0;0;1;1;1;1;1;1;1;0;0;0;0;0;0;0;0;0,84;1
299;0,01;0,78;0,27;0,14;0,25;0,31;0,1;0;0;0;0;0;0;0;0;0;0;0;0;1;1;1;1;1;1;1;0;0;0;0;0;0;0,6;1
300;0,01;0,89;0,31;0,15;0,3;0,32;0,13;0;0;0;0;0;0;0;0;0;0;0;0;1;1;1;1;1;1;1;1;0;0;0;0;0;0,6;1
301;0;0,78;0,22;0,13;0,2;0,34;0,14;0;0;0;0;0;0;0;0;0;0;0;0;1;1;1;1;1;1;1;1;0;0;0;0;0;0,84;1
302;0;0,73;0,2;0,11;0,19;0,19;0,13;0;0;0;0;0;0;0;0;0;1;1;1;1;1;0;0;0;0;0;0;0;0;0;0;0;0,84;1
303;0,01;0,86;0,24;0,15;0,22;0,4;0,07;0;0;0;0;0;0;0;0;0;1;1;1;1;1;1;1;1;1;1;0;0;0;0;0;0;0,6;1
304;0,01;0,84;0,24;0,14;0,22;0,37;0,16;0;0;0;0;0;0;0;0;0;0;1;1;1;1;1;1;1;1;1;0;0;0;0;0;0;0,2;1
305;0,01;0,93;0,35;0,16;0,35;0,21;0,21;0;0;0;0;0;0;0;0;0;1;1;1;1;1;0;0;0;0;0;0;0;0;0;0;0;0,76;1
306;0,01;0,63;0,23;0,11;0,23;0,36;0,09;0;0;0;0;0;0;0;0;0;0;1;1;1;1;1;1;1;1;0;0;0;0;0;0;0;1;1
307;0,01;0,67;0,2;0,1;0,19;0,26;0,15;0;0;0;0;0;0;0;0;0;1;1;1;1;1;1;0;0;0;0;0;0;0;0;0;0;0,68;1
308;0,01;0,62;0,24;0,11;0,25;0,38;0,14;0;0;0;0;0;0;0;0;0;0;0;0;1;1;1;1;1;1;1;1;1;0;0;0;0;0,84;0
309;0,01;0,67;0,22;0,1;0,21;0,19;0,18;0;0;0;0;0;0;0;0;0;0;1;1;1;1;1;0;0;0;0;0;0;0;0;0;0;0,84;1
310;0,01;0,65;0,25;0,11;0,26;0,38;0,09;0;0;0;0;0;0;0;0;0;0;1;1;1;1;1;1;1;1;1;0;0;0;0;0;0;0,47;1
311;0;0,75;0,26;0,14;0,26;0,29;0,09;0;0;0;0;0;0;0;0;0;0;0;1;1;1;1;1;1;1;0;0;0;0;0;0;0;0,39;1
312;0,01;0,62;0,24;0,12;0,24;0,36;0,13;0;0;0;0;0;0;0;0;0;0;0;1;1;1;1;1;1;1;1;1;0;0;0;0;0;1;1
313;0,01;0,92;0,29;0,16;0,28;0,32;0,1;0;0;0;0;0;0;0;0;0;0;1;1;1;1;1;1;1;1;0;0;0;0;0;0;0;0,84;1
314;0,01;0,78;0,27;0,14;0,25;0,31;0,14;0;0;0;0;0;0;0;0;0;0;1;1;1;1;1;1;1;0;0;0;0;0;0;0;0;0,34;1
315;0,01;0,92;0,3;0,16;0,28;0,39;0,1;0;0;0;0;0;0;0;0;0;0;0;0;1;1;1;1;1;1;1;1;1;1;0;0;0;0,34;1
316;0,02;0,52;0,26;0,11;0,27;0,27;0,18;0;0;0;0;0;0;0;0;0;0;0;0;1;1;1;1;1;1;0;0;0;0;0;0;0;0,76;1
317;0,01;0,93;0,31;0,16;0,3;0,21;0,12;0;0;0;0;0;0;0;0;0;0;1;1;1;1;1;0;0;0;0;0;0;0;0;0;0;0,84;1
318;0;0,59;0,27;0,11;0,26;0,42;0,07;0;0;0;0;0;0;0;0;0;0;0;1;1;1;1;1;1;1;1;1;1;0;0;0;0;0,68;1
319;0;0,54;0,25;0,11;0,25;0,22;0,21;0;0;0;0;0;0;0;0;0;1;1;1;1;1;0;0;0;0;0;0;0;0;0;0;0;0,68;1
320;0,01;0,57;0,29;0,12;0,3;0,25;0,15;0;0;0;0;0;0;0;0;0;0;0;0;1;1;1;1;1;1;0;0;0;0;0;0;0;0,84;1
321;0,01;0,93;0,35;0,16;0,34;0,41;0,11;0;0;0;0;0;0;0;0;0;0;0;1;1;1;1;1;1;1;1;1;1;0;0;0;0;0,76;0
322;0,01;0,87;0,25;0,15;0,23;0,18;0,34;0;0;0;0;0;0;0;0;0;0;0;1;1;1;1;0;0;0;0;0;0;0;0;0;0;0,47;1
323;0,01;0,83;0,24;0,14;0,22;0,25;0,22;0;0;0;0;0;0;0;0;0;0;0;1;1;1;1;1;1;0;0;0;0;0;0;0;0;0,76;1
324;0;0,58;0,25;0,11;0,25;0,37;0,11;0;0;0;0;0;0;0;0;0;0;0;1;1;1;1;1;1;1;1;1;0;0;0;0;0;0,68;1
325;0;0,74;0,22;0,12;0,2;0,27;0,16;0;0;0;0;0;0;0;0;0;0;1;1;1;1;1;1;0;0;0;0;0;0;0;0;0;0,14;1
326;0,01;0,66;0,24;0,11;0,24;0,23;0,16;0;0;0;0;0;0;0;0;0;0;0;1;1;1;1;1;0;0;0;0;0;0;0;0;0;0,84;1
327;0,01;0,85;0,25;0,15;0,23;0,4;0,1;0;0;0;0;0;0;0;0;0;0;0;0;1;1;1;1;1;1;1;1;1;1;0;0;0;0,2;1
328;0,01;0,86;0,27;0,15;0,25;0,3;0,09;0;0;0;0;0;0;0;0;0;1;1;1;1;1;1;1;0;0;0;0;0;0;0;0;0;0,84;1
329;0,02;0,9;0,28;0,16;0,28;0,38;0,1;0;0;0;0;0;0;0;0;0;0;0;1;1;1;1;1;1;1;1;1;0;0;0;0;0;0,39;1
330;0,01;0,61;0,22;0,1;0,21;0,22;0,12;0;0;0;0;0;0;0;0;0;0;0;0;1;1;1;1;1;1;0;0;0;0;0;0;0;0,39;1
331;0,01;0,76;0,22;0,12;0,2;0,35;0,09;0;0;0;0;0;0;0;0;0;1;1;1;1;1;1;1;1;0;0;0;0;0;0;0;0;0,34;1
332;0,01;0,56;0,24;0,11;0,24;0,25;0,24;0;0;0;0;0;0;0;0;0;0;0;0;1;1;1;1;1;1;0;0;0;0;0;0;0;0,76;1
333;0,01;0,9;0,28;0,16;0,26;0,17;0,14;0;0;0;0;0;0;0;0;0;1;1;1;1;0;0;0;0;0;0;0;0;0;0;0;0;0,14;1
334;0;0,92;0,28;0,16;0,26;0,35;0,11;0;0;0;0;0;0;0;0;0;0;1;1;1;1;1;1;1;1;1;0;0;0;0;0;0;0,2;1
335;0,01;0,99;0,36;0,17;0,34;0,39;0,09;0;0;0;0;0;0;0;0;0;0;1;1;1;1;1;1;1;1;1;0;0;0;0;0;0;0,39;1
336;0;0,99;0,36;0,17;0,35;0,25;0,12;0;0;0;0;0;0;0;0;0;0;1;1;1;1;1;1;0;0;0;0;0;0;0;0;0;0,14;1
337;0,01;0,83;0,23;0,14;0,2;0,18;0,33;0;0;0;0;0;0;0;0;0;1;1;1;1;0;0;0;0;0;0;0;0;0;0;0;0;1;1
338;0,02;0,94;0,31;0,16;0,3;0,21;0,27;0;0;0;0;0;0;0;0;0;0;0;1;1;1;1;1;0;0;0;0;0;0;0;0;0;0,68;1
339;0;0,64;0,22;0,1;0,22;0,2;0,13;0;0;0;0;0;0;0;0;0;0;1;1;1;1;1;0;0;0;0;0;0;0;0;0;0;0,14;1
340;0,01;0,9;0,35;0,15;0,35;0,26;0,1;0;0;0;0;0;0;0;0;0;0;0;1;1;1;1;1;1;1;0;0;0;0;0;0;0;1;1
341;0,01;0,6;0,22;0,1;0,22;0,31;0,13;0;0;0;0;0;0;0;0;0;0;0;0;1;1;1;1;1;1;1;0;0;0;0;0;0;0,47;1
342;0,01;0,71;0,21;0,11;0,19;0,19;0,12;0;0;0;0;0;0;0;0;0;0;0;1;1;1;1;1;0;0;0;0;0;0;0;0;0;1;1
343;0,01;0,91;0,28;0,16;0,25;0,36;0,1;0;0;0;0;0;0;0;0;0;1;1;1;1;1;1;1;1;1;0;0;0;0;0;0;0;0,76;1
344;0,01;0,68;0,2;0,1;0,19;0,22;0,28;0;0;0;0;0;0;0;0;0;1;1;1;1;1;0;0;0;0;0;0;0;0;0;0;0;0,6;1
345;0,01;0,65;0,21;0,1;0,2;0,33;0,14;0;0;0;0;0;0;0;0;0;0;1;1;1;1;1;1;1;1;0;0;0;0;0;0;0;0,2;0
346;0;0,84;0,26;0,15;0,24;0,2;0,2;0;0;0;0;0;0;0;0;0;0;1;1;1;1;0;0;0;0;0;0;0;0;0;0;0;0,14;1
347;0;0,69;0,28;0,14;0,28;0,29;0,11;0;0;0;0;0;0;0;0;0;0;1;1;1;1;1;1;0;0;0;0;0;0;0;0;0;0,84;1
348;0,01;0,97;0,33;0,17;0,31;0,29;0,07;0;0;0;0;0;0;0;0;0;1;1;1;1;1;1;1;0;0;0;0;0;0;0;0;0;0,39;1
349;0,01;0,67;0,29;0,12;0,29;0,41;0,08;0;0;0;0;0;0;0;0;0;0;1;1;1;1;1;1;1;1;1;1;0;0;0;0;0;0,6;1
350;0,01;0,78;0,24;0,14;0,22;0,29;0,09;0;0;0;0;0;0;0;0;0;0;1;1;1;1;1;1;1;0;0;0;0;0;0;0;0;0,2;1
351;0;0,77;0,22;0,12;0,2;0,31;0,09;0;0;0;0;0;0;0;0;0;1;1;1;1;1;1;1;0;0;0;0;0;0;0;0;0;1;1
352;0,01;0,89;0,26;0,16;0,23;0,26;0,16;0;0;0;0;0;0;0;0;0;0;1;1;1;1;1;1;0;0;0;0;0;0;0;0;0;0,68;1
353;0,01;0,63;0,22;0,1;0,23;0,17;0,25;0;0;0;0;0;0;0;0;0;0;0;1;1;1;1;0;0;0;0;0;0;0;0;0;0;0,2;1
354;0;0,95;0,31;0,17;0,29;0,32;0,12;0;0;0;0;0;0;0;0;0;0;0;1;1;1;1;1;1;1;1;0;0;0;0;0;0;0,39;1
355;0;0,71;0,2;0,11;0,19;0,29;0,09;0;0;0;0;0;0;0;0;0;0;0;0;1;1;1;1;1;1;1;0;0;0;0;0;0;0,68;1
356;0,01;0,88;0,26;0,16;0,23;0,21;0,15;0;0;0;0;0;0;0;0;0;1;1;1;1;1;0;0;0;0;0;0;0;0;0;0;0;0,14;1
357;0;0,77;0,22;0,12;0,2;0,27;0,18;0;0;0;0;0;0;0;0;0;0;0;0;1;1;1;1;1;1;0;0;0;0;0;0;0;0,34;1
358;0,01;0,58;0,3;0,12;0,3;0,32;0,09;0;0;0;0;0;0;0;0;0;0;1;1;1;1;1;1;1;1;0;0;0;0;0;0;0;0,47;1
359;0;0,88;0,26;0,15;0,24;0,37;0,12;0;0;0;0;0;0;0;0;0;0;0;1;1;1;1;1;1;1;1;1;0;0;0;0;0;0,47;1
360;0;0,63;0,24;0,11;0,25;0,3;0,16;0;0;0;0;0;0;0;0;0;0;0;0;1;1;1;1;1;1;1;0;0;0;0;0;0;0,39;1
361;0,02;0,88;0,33;0,15;0,33;0,38;0,08;0;0;0;0;0;0;0;0;0;0;0;1;1;1;1;1;1;1;1;1;0;0;0;0;0;0,47;1
362;0,01;0,97;0,33;0,17;0,31;0,26;0,18;0;0;0;0;0;0;0;0;0;0;0;0;1;1;1;1;1;1;0;0;0;0;0;0;0;0,2;1
363;0;0,92;0,31;0,17;0,29;0,34;0,18;0;0;0;0;0;0;0;0;0;1;1;1;1;1;1;1;1;1;0;0;0;0;0;0;0;0,68;1
364;0;0,87;0,26;0,15;0,24;0,28;0,2;0;0;0;0;0;0;0;0;0;1;1;1;1;1;1;1;0;0;0;0;0;0;0;0;0;1;1
365;0,02;0,82;0,23;0,14;0,2;0,33;0,07;0;0;0;0;0;0;0;0;0;0;0;1;1;1;1;1;1;1;1;0;0;0;0;0;0;0,2;1
366;0,01;0,6;0,32;0,12;0,32;0,24;0,16;0;0;0;0;0;0;0;0;0;1;1;1;1;1;0;0;0;0;0;0;0;0;0;0;0;0,39;1
367;0;0,77;0,28;0,13;0,27;0,35;0,11;0;0;0;0;0;0;0;0;0;1;1;1;1;1;1;1;1;0;0;0;0;0;0;0;0;0,68;1
368;0;0,77;0,24;0,14;0,22;0,39;0,12;0;0;0;0;0;0;0;0;0;0;1;1;1;1;1;1;1;1;1;0;0;0;0;0;0;0,39;1
369;0;0,94;0,36;0,16;0,35;0,18;0,24;0;0;0;0;0;0;0;0;0;0;1;1;1;1;1;0;0;0;0;0;0;0;0;0;0;0,14;1
370;0,01;0,92;0,28;0,16;0,26;0,29;0,21;0;0;0;0;0;0;0;0;0;1;1;1;1;1;1;1;0;0;0;0;0;0;0;0;0;0,2;1
371;0,01;0,69;0,24;0,11;0,23;0,41;0,09;0;0;0;0;0;0;0;0;0;1;1;1;1;1;1;1;1;1;0;0;0;0;0;0;0;0,68;1
372;0;0,75;0,26;0,14;0,26;0,4;0,15;0;0;0;0;0;0;0;0;0;0;0;1;1;1;1;1;1;1;1;1;1;0;0;0;0;0,84;1
373;0,01;0,61;0,22;0,1;0,22;0,21;0,15;0;0;0;0;0;0;0;0;0;1;1;1;1;1;1;0;0;0;0;0;0;0;0;0;0;1;1
374;0,01;0,84;0,23;0,15;0,21;0,28;0,14;0;0;0;0;0;0;0;0;0;0;0;1;1;1;1;1;1;1;0;0;0;0;0;0;0;0,14;1
375;0,01;0,7;0,3;0,14;0,31;0,34;0,07;0;0;0;0;0;0;0;0;0;1;1;1;1;1;1;1;1;0;0;0;0;0;0;0;0;1;1
376;0,02;0,71;0,31;0,14;0,32;0,33;0,17;0;0;0;0;0;0;0;0;0;0;0;0;1;1;1;1;1;1;1;1;0;0;0;0;0;0,84;1
377;0,02;0,6;0,22;0,1;0,22;0,38;0,1;0;0;0;0;0;0;0;0;0;1;1;1;1;1;1;1;1;1;0;0;0;0;0;0;0;0,84;1
378;0,01;0,81;0,3;0,15;0,29;0,28;0,18;0;0;0;0;0;0;0;0;0;0;1;1;1;1;1;1;0;0;0;0;0;0;0;0;0;0,34;1
379;0;0,64;0,25;0,12;0,25;0,32;0,09;0;0;0;0;0;0;0;0;0;1;1;1;1;1;1;1;1;0;0;0;0;0;0;0;0;0,2;1
380;0,01;0,87;0,25;0,15;0,23;0,19;0,18;0;0;0;0;0;0;0;0;0;1;1;1;1;1;0;0;0;0;0;0;0;0;0;0;0;0,14;1
381;0;0,92;0,31;0,17;0,29;0,34;0,08;0;0;0;0;0;0;0;0;0;1;1;1;1;1;1;1;1;1;0;0;0;0;0;0;0;0,76;1
382;0,01;0,9;0,27;0,16;0,24;0,35;0,13;0;0;0;0;0;0;0;0;0;1;1;1;1;1;1;1;1;1;0;0;0;0;0;0;0;0,84;1
383;0,02;0,8;0,24;0,13;0,22;0,29;0,2;0;0;0;0;0;0;0;0;0;1;1;1;1;1;1;1;0;0;0;0;0;0;0;0;0;1;1
384;0;0,86;0,25;0,15;0,24;0,32;0,16;0;0;0;0;0;0;0;0;0;1;1;1;1;1;1;1;1;0;0;0;0;0;0;0;0;0,14;1
385;0;0,84;0,24;0,15;0,22;0,18;0,18;0;0;0;0;0;0;0;0;0;0;0;1;1;1;1;1;0;0;0;0;0;0;0;0;0;0,14;1
386;0,01;0,83;0,23;0,14;0,22;0,4;0,08;0;0;0;0;0;0;0;0;0;1;1;1;1;1;1;1;1;1;0;0;0;0;0;0;0;0,47;1
387;0,01;0,74;0,21;0,12;0,19;0,29;0,16;0;0;0;0;0;0;0;0;0;0;0;1;1;1;1;1;1;1;0;0;0;0;0;0;0;0,6;1
388;0;0,91;0,32;0,16;0,3;0,17;0,33;0;0;0;0;0;0;0;0;0;0;1;1;1;1;0;0;0;0;0;0;0;0;0;0;0;0,2;1
389;0,01;0,7;0,2;0,11;0,19;0,41;0,13;0;0;0;0;0;0;0;0;0;1;1;1;1;1;1;1;1;1;1;0;0;0;0;0;0;0,39;1
390;0,01;0,61;0,27;0,12;0,28;0,41;0,11;0;0;0;0;0;0;0;0;0;0;1;1;1;1;1;1;1;1;1;1;0;0;0;0;0;0,76;1
391;0,02;1;0,38;0,17;0,36;0,21;0,15;0;0;0;0;0;0;0;0;0;1;1;1;1;1;0;0;0;0;0;0;0;0;0;0;0;0,2;1
392;0,01;0,56;0,29;0,12;0,3;0,29;0,21;0;0;0;0;0;0;0;0;0;0;0;1;1;1;1;1;1;1;0;0;0;0;0;0;0;0,84;1
393;0,01;0,63;0,28;0,13;0,29;0,27;0,16;0;0;0;0;0;0;0;0;0;0;1;1;1;1;1;1;1;0;0;0;0;0;0;0;0;0,6;1
394;0,02;0,87;0,25;0,15;0,22;0,38;0,08;0;0;0;0;0;0;0;0;0;1;1;1;1;1;1;1;1;1;0;0;0;0;0;0;0;0,2;1
395;0,01;0,71;0,25;0,13;0,24;0,17;0,16;0;0;0;0;0;0;0;0;0;1;1;1;1;0;0;0;0;0;0;0;0;0;0;0;0;1;1
396;0;0,82;0,23;0,14;0,21;0,22;0,23;0;0;0;0;0;0;0;0;0;0;0;0;1;1;1;1;1;1;0;0;0;0;0;0;0;0,68;1
397;0,01;0,89;0,26;0,16;0,24;0,26;0,12;0;0;0;0;0;0;0;0;0;0;1;1;1;1;1;1;0;0;0;0;0;0;0;0;0;0,39;1
398;0,01;0,6;0,23;0,1;0,24;0,3;0,13;0;0;0;0;0;0;0;0;0;0;0;0;1;1;1;1;1;1;1;0;0;0;0;0;0;0,34;1
399;0,01;0,82;0,25;0,14;0,24;0,41;0,08;0;0;0;0;0;0;0;0;0;0;0;0;1;1;1;1;1;1;1;1;1;1;0;0;0;0,76;1
400;0,01;0,9;0,27;0,16;0,24;0,36;0,16;0;0;0;0;0;0;0;0;0;0;0;1;1;1;1;1;1;1;1;1;0;0;0;0;0;0,34;1
401;0,01;0,81;0,26;0,15;0,24;0,17;0,22;0;0;0;0;0;0;0;0;0;0;1;1;1;1;0;0;0;0;0;0;0;0;0;0;0;0,2;1
402;0;0,9;0,32;0,16;0,3;0,36;0,1;0;0;0;0;0;0;0;0;0;0;1;1;1;1;1;1;1;1;0;0;0;0;0;0;0;1;1
403;0,01;0,97;0,34;0,17;0,32;0,24;0,19;0;0;0;0;0;0;0;0;0;1;1;1;1;1;1;0;0;0;0;0;0;0;0;0;0;0,34;1
404;0;0,58;0,26;0,11;0,26;0,36;0,13;0;0;0;0;0;0;0;0;0;0;0;1;1;1;1;1;1;1;1;0;0;0;0;0;0;0,76;1
405;0,01;0,76;0,22;0,12;0,2;0,21;0,25;0;0;0;0;0;0;0;0;0;0;1;1;1;1;1;1;0;0;0;0;0;0;0;0;0;0,39;1
406;0,01;0,79;0,28;0,15;0,27;0,19;0,3;0;0;0;0;0;0;0;0;0;0;0;0;1;1;1;1;1;0;0;0;0;0;0;0;0;0,39;1
407;0,01;0,8;0,22;0,13;0,2;0,36;0,07;0;0;0;0;0;0;0;0;0;0;1;1;1;1;1;1;1;1;0;0;0;0;0;0;0;0,6;1
408;0;0,78;0,24;0,14;0,21;0,27;0,16;0;0;0;0;0;0;0;0;0;1;1;1;1;1;1;1;0;0;0;0;0;0;0;0;0;0,84;1
409;0;0,61;0,22;0,1;0,23;0,24;0,26;0;0;0;0;0;0;0;0;0;1;1;1;1;1;1;0;0;0;0;0;0;0;0;0;0;0,2;1
410;0,01;0,68;0,32;0,14;0,33;0,17;0,35;0;0;0;0;0;0;0;0;0;0;0;0;1;1;1;1;0;0;0;0;0;0;0;0;0;1;1
411;0,01;0,66;0,26;0,11;0,26;0,22;0,26;0;0;0;0;0;0;0;0;0;0;1;1;1;1;1;0;0;0;0;0;0;0;0;0;0;0,39;1
412;0,01;0,77;0,29;0,14;0,28;0,25;0,17;0;0;0;0;0;0;0;0;0;0;0;1;1;1;1;1;1;0;0;0;0;0;0;0;0;0,76;1
413;0,01;0,79;0,22;0,13;0,19;0,4;0,12;0;0;0;0;0;0;0;0;0;0;0;0;1;1;1;1;1;1;1;1;1;1;0;0;0;0,2;1
414;0;0,64;0,24;0,12;0,25;0,27;0,2;0;0;0;0;0;0;0;0;0;0;0;1;1;1;1;1;1;1;0;0;0;0;0;0;0;0,47;1
415;0,01;0,71;0,2;0,11;0,19;0,37;0,06;0;0;0;0;0;0;0;0;0;1;1;1;1;1;1;1;1;1;0;0;0;0;0;0;0;0,76;1
416;0,01;0,78;0,23;0,13;0,22;0,39;0,13;0;0;0;0;0;0;0;0;0;1;1;1;1;1;1;1;1;1;1;0;0;0;0;0;0;0,2;0
417;0;0,78;0,24;0,14;0,21;0,27;0,15;0;0;0;0;0;0;0;0;0;0;0;0;1;1;1;1;1;1;0;0;0;0;0;0;0;0,6;1
418;0,01;0,66;0,24;0,12;0,24;0,37;0,17;0;0;0;0;0;0;0;0;0;0;1;1;1;1;1;1;1;1;1;0;0;0;0;0;0;0,6;1
419;0,01;0,82;0,22;0,14;0,2;0,25;0,2;0;0;0;0;0;0;0;0;0;1;1;1;1;1;1;0;0;0;0;0;0;0;0;0;0;0,68;1
420;0,01;0,72;0,23;0,12;0,21;0,2;0,21;0;0;0;0;0;0;0;0;0;0;1;1;1;1;1;0;0;0;0;0;0;0;0;0;0;0,68;1
421;0,01;0,57;0,29;0,12;0,3;0,4;0,08;0;0;0;0;0;0;0;0;0;0;0;1;1;1;1;1;1;1;1;1;1;0;0;0;0;0,84;1
422;0,01;0,84;0,24;0,14;0,23;0,31;0,13;0;0;0;0;0;0;0;0;0;0;1;1;1;1;1;1;1;0;0;0;0;0;0;0;0;0,39;1
423;0,01;0,74;0,23;0,12;0,21;0,18;0,17;0;0;0;0;0;0;0;0;0;0;0;1;1;1;1;1;0;0;0;0;0;0;0;0;0;0,34;1
424;0,01;0,65;0,29;0,13;0,3;0,33;0,15;0;0;0;0;0;0;0;0;0;0;0;0;1;1;1;1;1;1;1;1;0;0;0;0;0;0,34;1
425;0;0,92;0,29;0,16;0,26;0,21;0,25;0;0;0;0;0;0;0;0;0;1;1;1;1;1;0;0;0;0;0;0;0;0;0;0;0;0,14;1
426;0,01;0,78;0,25;0,14;0,22;0,29;0,21;0;0;0;0;0;0;0;0;0;0;0;0;1;1;1;1;1;1;1;0;0;0;0;0;0;1;1
427;0,01;0,66;0,22;0,11;0,21;0,32;0,18;0;0;0;0;0;0;0;0;0;1;1;1;1;1;1;1;1;0;0;0;0;0;0;0;0;0,6;1
428;0,01;0,68;0,21;0,11;0,19;0,23;0,09;0;0;0;0;0;0;0;0;0;1;1;1;1;1;1;0;0;0;0;0;0;0;0;0;0;0,68;1
429;0,01;0,74;0,23;0,13;0,22;0,39;0,13;0;0;0;0;0;0;0;0;0;1;1;1;1;1;1;1;1;1;1;0;0;0;0;0;0;0,39;1
430;0,01;0,74;0,21;0,12;0,19;0,25;0,22;0;0;0;0;0;0;0;0;0;0;1;1;1;1;1;1;0;0;0;0;0;0;0;0;0;0,68;1
431;0,01;0,81;0,27;0,14;0,26;0,27;0,2;0;0;0;0;0;0;0;0;0;1;1;1;1;1;1;0;0;0;0;0;0;0;0;0;0;0,68;0
432;0,01;0,72;0,2;0,11;0,19;0,21;0,1;0;0;0;0;0;0;0;0;0;1;1;1;1;1;0;0;0;0;0;0;0;0;0;0;0;0,2;1
433;0,01;0,71;0,2;0,11;0,19;0,19;0,17;0;0;0;0;0;0;0;0;0;0;0;1;1;1;1;1;0;0;0;0;0;0;0;0;0;0,14;1
434;0,01;0,96;0,32;0,17;0,3;0,39;0,11;0;0;0;0;0;0;0;0;0;0;0;1;1;1;1;1;1;1;1;1;1;0;0;0;0;0,6;1
435;0,01;0,64;0,25;0,11;0,25;0,39;0,15;0;0;0;0;0;0;0;0;0;1;1;1;1;1;1;1;1;1;1;0;0;0;0;0;0;0,84;0
436;0,01;0,66;0,2;0,1;0,2;0,25;0,24;0;0;0;0;0;0;0;0;0;1;1;1;1;1;1;0;0;0;0;0;0;0;0;0;0;0,2;1
437;0,01;0,65;0,21;0,1;0,2;0,29;0,17;0;0;0;0;0;0;0;0;0;1;1;1;1;1;1;1;0;0;0;0;0;0;0;0;0;0,34;1
438;0;0,61;0,23;0,1;0,23;0,3;0,12;0;0;0;0;0;0;0;0;0;1;1;1;1;1;1;1;0;0;0;0;0;0;0;0;0;0,84;1
439;0;0,8;0,22;0,13;0,2;0,35;0,12;0;0;0;0;0;0;0;0;0;0;0;0;1;1;1;1;1;1;1;1;1;0;0;0;0;0,68;1
440;0,01;0,55;0,28;0,12;0,29;0,18;0,18;0;0;0;0;0;0;0;0;0;1;1;1;1;0;0;0;0;0;0;0;0;0;0;0;0;0,84;1
441;0,01;0,84;0,24;0,14;0,23;0,27;0,23;0;0;0;0;0;0;0;0;0;0;0;1;1;1;1;1;1;1;0;0;0;0;0;0;0;0,47;1
442;0,01;0,55;0,27;0,11;0,28;0,39;0,1;0;0;0;0;0;0;0;0;0;0;1;1;1;1;1;1;1;1;1;0;0;0;0;0;0;0,47;1
443;0,01;0,68;0,21;0,11;0,19;0,2;0,27;0;0;0;0;0;0;0;0;0;0;0;1;1;1;1;1;0;0;0;0;0;0;0;0;0;0,14;1
444;0;0,79;0,22;0,13;0,2;0,31;0,14;0;0;0;0;0;0;0;0;0;1;1;1;1;1;1;1;1;0;0;0;0;0;0;0;0;0,84;1
445;0,04;0,71;0,34;0,14;0,35;0,4;0,07;0;0;0;0;0;0;0;0;0;0;1;1;1;1;1;1;1;1;1;0;0;0;0;0;0;0,14;1
446;0,02;0,65;0,3;0,13;0,31;0,26;0,1;0;0;0;0;0;0;0;0;0;1;1;1;1;1;1;1;0;0;0;0;0;0;0;0;0;0,2;1
447;0,01;0,88;0,26;0,16;0,24;0,23;0,1;0;0;0;0;0;0;0;0;0;0;1;1;1;1;1;0;0;0;0;0;0;0;0;0;0;0,6;1
448;0,01;0,72;0,23;0,11;0,22;0,17;0,2;0;0;0;0;0;0;0;0;0;1;1;1;1;0;0;0;0;0;0;0;0;0;0;0;0;0,84;1
449;0;0,7;0,22;0,11;0,2;0,41;0,07;0;0;0;0;0;0;0;0;0;0;0;0;1;1;1;1;1;1;1;1;1;1;0;0;0;0,68;1
450;0,01;0,71;0,21;0,11;0,19;0,33;0,06;0;0;0;0;0;0;0;0;0;1;1;1;1;1;1;1;1;0;0;0;0;0;0;0;0;1;1
451;0,02;0,62;0,22;0,1;0,21;0,26;0,13;0;0;0;0;0;0;0;0;0;0;0;1;1;1;1;1;1;0;0;0;0;0;0;0;0;0,47;1
452;0;0,67;0,29;0,14;0,3;0,34;0,11;0;0;0;0;0;0;0;0;0;0;0;1;1;1;1;1;1;1;1;0;0;0;0;0;0;0,39;1
453;0,01;0,91;0,29;0,16;0,28;0,34;0,14;0;0;0;0;0;0;0;0;0;0;1;1;1;1;1;1;1;1;0;0;0;0;0;0;0;0,14;1
454;0,01;0,67;0,22;0,11;0,21;0,28;0,2;0;0;0;0;0;0;0;0;0;0;0;1;1;1;1;1;1;0;0;0;0;0;0;0;0;0,34;1
455;0,01;0,75;0,22;0,12;0,2;0,36;0,16;0;0;0;0;0;0;0;0;0;0;1;1;1;1;1;1;1;1;1;0;0;0;0;0;0;0,47;1
456;0,01;0,81;0,22;0,13;0,2;0,26;0,1;0;0;0;0;0;0;0;0;0;0;0;1;1;1;1;1;1;0;0;0;0;0;0;0;0;0,2;1
457;0,01;0,73;0,21;0,11;0,2;0,35;0,09;0;0;0;0;0;0;0;0;0;1;1;1;1;1;1;1;1;0;0;0;0;0;0;0;0;0,6;1
458;0,01;0,85;0,24;0,15;0,21;0,36;0,07;0;0;0;0;0;0;0;0;0;1;1;1;1;1;1;1;1;0;0;0;0;0;0;0;0;0,68;1
459;0,02;0,52;0,26;0,11;0,26;0,39;0,06;0;0;0;0;0;0;0;0;0;1;1;1;1;1;1;1;1;1;0;0;0;0;0;0;0;0,6;1
460;0,01;0,78;0,23;0,13;0,21;0,4;0,14;0;0;0;0;0;0;0;0;0;1;1;1;1;1;1;1;1;1;0;0;0;0;0;0;0;0,6;0
461;0,01;0,91;0,3;0,16;0,28;0,35;0,07;0;0;0;0;0;0;0;0;0;0;0;1;1;1;1;1;1;1;1;0;0;0;0;0;0;0,14;1
462;0;0,7;0,2;0,11;0,19;0,41;0,12;0;0;0;0;0;0;0;0;0;0;1;1;1;1;1;1;1;1;1;1;0;0;0;0;0;0,34;1
463;0;0,84;0,24;0,15;0,21;0,2;0,1;0;0;0;0;0;0;0;0;0;1;1;1;1;1;0;0;0;0;0;0;0;0;0;0;0;0,76;1
464;0,01;0,64;0,27;0,11;0,28;0,32;0,18;0;0;0;0;0;0;0;0;0;0;0;1;1;1;1;1;1;1;0;0;0;0;0;0;0;0,6;1
465;0,01;0,87;0,25;0,15;0,23;0,32;0,11;0;0;0;0;0;0;0;0;0;0;1;1;1;1;1;1;1;1;0;0;0;0;0;0;0;1;1
466;0,01;0,78;0,27;0,13;0,26;0,32;0,1;0;0;0;0;0;0;0;0;0;1;1;1;1;1;1;1;1;0;0;0;0;0;0;0;0;0,76;1
467;0;0,77;0,24;0,14;0,22;0,22;0,17;0;0;0;0;0;0;0;0;0;0;0;1;1;1;1;1;0;0;0;0;0;0;0;0;0;0,2;1
468;0;0,67;0,31;0,14;0,32;0,17;0,23;0;0;0;0;0;0;0;0;0;0;1;1;1;1;0;0;0;0;0;0;0;0;0;0;0;0,84;1
469;0;0,84;0,24;0,15;0,22;0,2;0,14;0;0;0;0;0;0;0;0;0;0;0;1;1;1;1;1;0;0;0;0;0;0;0;0;0;0,76;1
470;0;0,89;0,32;0,16;0,3;0,32;0,1;0;0;0;0;0;0;0;0;0;0;1;1;1;1;1;1;1;1;0;0;0;0;0;0;0;0,76;1
471;0;0,61;0,24;0,11;0,25;0,4;0,09;0;0;0;0;0;0;0;0;0;0;0;0;1;1;1;1;1;1;1;1;1;1;0;0;0;0,14;1
472;0,01;0,69;0,29;0,14;0,3;0,36;0,08;0;0;0;0;0;0;0;0;0;1;1;1;1;1;1;1;1;1;0;0;0;0;0;0;0;0,14;1
473;0,02;0,78;0,31;0,15;0,3;0,18;0,19;0;0;0;0;0;0;0;0;0;0;0;0;1;1;1;1;0;0;0;0;0;0;0;0;0;0,6;1
474;0,02;0,69;0,24;0,12;0,24;0,33;0,1;0;0;0;0;0;0;0;0;0;0;0;0;1;1;1;1;1;1;1;1;0;0;0;0;0;0,2;1
475;0,01;0,61;0,23;0,11;0,23;0,39;0,11;0;0;0;0;0;0;0;0;0;0;0;1;1;1;1;1;1;1;1;1;1;0;0;0;0;0,76;1
476;0,01;0,68;0,31;0,14;0,32;0,31;0,09;0;0;0;0;0;0;0;0;0;1;1;1;1;1;1;1;0;0;0;0;0;0;0;0;0;0,39;1
477;0,01;0,94;0,3;0,17;0,28;0,2;0,13;0;0;0;0;0;0;0;0;0;0;1;1;1;1;1;0;0;0;0;0;0;0;0;0;0;0,14;1
478;0,01;0,78;0,21;0,12;0,19;0,21;0,28;0;0;0;0;0;0;0;0;0;0;0;0;1;1;1;1;1;0;0;0;0;0;0;0;0;0,39;1
479;0,02;0,61;0,23;0,1;0,24;0,34;0,12;0;0;0;0;0;0;0;0;0;0;1;1;1;1;1;1;1;1;1;0;0;0;0;0;0;0,6;1
480;0,01;0,68;0,2;0,1;0,19;0,35;0,12;0;0;0;0;0;0;0;0;0;0;1;1;1;1;1;1;1;1;0;0;0;0;0;0;0;0,76;1
481;0,01;0,68;0,22;0,1;0,21;0,41;0,11;0;0;0;0;0;0;0;0;0;0;0;1;1;1;1;1;1;1;1;1;1;0;0;0;0;1;1
482;0,01;0,64;0,22;0,1;0,22;0,37;0,14;0;0;0;0;0;0;0;0;0;0;0;1;1;1;1;1;1;1;1;0;0;0;0;0;0;0,2;1
483;0,01;0,72;0,28;0,14;0,29;0,33;0,07;0;0;0;0;0;0;0;0;0;0;1;1;1;1;1;1;1;1;0;0;0;0;0;0;0;0,39;1
484;0,01;0,81;0,29;0,15;0,27;0,29;0,16;0;0;0;0;0;0;0;0;0;0;1;1;1;1;1;1;1;0;0;0;0;0;0;0;0;0,39;1
485;0,01;0,97;0,37;0,17;0,35;0,37;0,12;0;0;0;0;0;0;0;0;0;1;1;1;1;1;1;1;1;0;0;0;0;0;0;0;0;0,39;1
486;0,01;0,8;0,3;0,15;0,29;0,21;0,17;0;0;0;0;0;0;0;0;0;0;0;0;1;1;1;1;1;0;0;0;0;0;0;0;0;0,68;1
487;0;0,6;0,26;0,11;0,28;0,4;0,15;0;0;0;0;0;0;0;0;0;0;1;1;1;1;1;1;1;1;1;1;0;0;0;0;0;0,6;1
488;0;0,75;0,22;0,12;0,2;0,2;0,11;0;0;0;0;0;0;0;0;0;0;1;1;1;1;1;0;0;0;0;0;0;0;0;0;0;0,6;1
489;0;0,65;0,23;0,11;0,24;0,27;0,18;0;0;0;0;0;0;0;0;0;0;1;1;1;1;1;1;0;0;0;0;0;0;0;0;0;0,47;1
490;0,01;0,83;0,3;0,15;0,28;0,37;0,08;0;0;0;0;0;0;0;0;0;0;0;0;1;1;1;1;1;1;1;1;0;0;0;0;0;0,68;1
491;0,01;0,71;0,22;0,12;0,2;0,38;0,08;0;0;0;0;0;0;0;0;0;1;1;1;1;1;1;1;1;1;0;0;0;0;0;0;0;0,2;1
492;0;0,88;0,28;0,15;0,27;0,23;0,12;0;0;0;0;0;0;0;0;0;0;0;0;1;1;1;1;1;1;0;0;0;0;0;0;0;0,84;1
493;0,01;0,55;0,24;0,1;0,25;0,34;0,11;0;0;0;0;0;0;0;0;0;0;0;1;1;1;1;1;1;1;1;0;0;0;0;0;0;0,68;1
494;0,01;0,82;0,25;0,14;0,22;0,39;0,05;0;0;0;0;0;0;0;0;0;0;1;1;1;1;1;1;1;1;1;0;0;0;0;0;0;0,68;1
495;0,01;0,8;0,27;0,15;0,24;0,33;0,18;0;0;0;0;0;0;0;0;0;0;0;1;1;1;1;1;1;1;1;0;0;0;0;0;0;0,68;1
496;0,01;0,7;0,26;0,13;0,27;0,39;0,14;0;0;0;0;0;0;0;0;0;0;0;0;1;1;1;1;1;1;1;1;1;0;0;0;0;0,76;1
497;0,01;0,6;0,22;0,1;0,21;0,36;0,11;0;0;0;0;0;0;0;0;0;0;1;1;1;1;1;1;1;1;0;0;0;0;0;0;0;0,76;1
498;0,01;0,66;0,21;0,11;0,2;0,35;0,17;0;0;0;0;0;0;0;0;0;0;1;1;1;1;1;1;1;1;1;0;0;0;0;0;0;0,34;1
499;0,01;0,7;0,21;0,11;0,19;0,39;0,1;0;0;0;0;0;0;0;0;0;0;0;0;1;1;1;1;1;1;1;1;1;0;0;0;0;0,2;1
500;0,01;0,59;0,22;0,1;0,22;0,34;0,08;0;0;0;0;0;0;0;0;0;0;0;0;1;1;1;1;1;1;1;1;0;0;0;0;0;0,14;1
501;0;0,94;0,3;0,17;0,28;0,33;0,14;0;0;0;0;0;0;0;0;0;0;0;1;1;1;1;1;1;1;1;0;0;0;0;0;0;0,68;1
502;0,01;0,85;0,24;0,15;0,22;0,36;0,06;0;0;0;0;0;0;0;0;0;0;0;1;1;1;1;1;1;1;1;1;0;0;0;0;0;0,84;1
503;0,01;0,75;0,3;0,14;0,3;0,32;0,19;0;0;0;0;0;0;0;0;0;0;0;1;1;1;1;1;1;1;0;0;0;0;0;0;0;0,76;1
504;0,01;0,79;0,28;0,15;0,27;0,17;0,2;0;0;0;0;0;0;0;0;0;0;0;0;1;1;1;1;0;0;0;0;0;0;0;0;0;0,68;1
505;0;0,84;0,25;0,15;0,24;0,25;0,16;0;0;0;0;0;0;0;0;0;0;0;1;1;1;1;1;1;0;0;0;0;0;0;0;0;0,68;1
506;0,01;0,72;0,26;0,14;0,26;0,22;0,14;0;0;0;0;0;0;0;0;0;0;1;1;1;1;1;0;0;0;0;0;0;0;0;0;0;0,47;1
507;0,01;0,9;0,27;0,16;0,26;0,27;0,15;0;0;0;0;0;0;0;0;0;0;1;1;1;1;1;1;1;0;0;0;0;0;0;0;0;0,47;1
508;0,01;0,84;0,24;0,14;0,21;0,21;0,18;0;0;0;0;0;0;0;0;0;0;0;0;1;1;1;1;1;0;0;0;0;0;0;0;0;0,39;1
509;0;0,83;0,23;0,14;0,21;0,18;0,32;0;0;0;0;0;0;0;0;0;1;1;1;1;1;0;0;0;0;0;0;0;0;0;0;0;0,14;1
510;0,01;0,91;0,29;0,16;0,28;0,26;0,2;0;0;0;0;0;0;0;0;0;0;1;1;1;1;1;1;1;0;0;0;0;0;0;0;0;0,84;1
511;0,01;0,88;0,27;0,15;0,27;0,27;0,11;0;0;0;0;0;0;0;0;0;0;0;0;1;1;1;1;1;1;0;0;0;0;0;0;0;0,76;1
512;0,01;0,73;0,24;0,13;0,22;0,24;0,17;0;0;0;0;0;0;0;0;0;0;1;1;1;1;1;1;0;0;0;0;0;0;0;0;0;0,84;1
513;0,01;0,53;0,27;0,11;0,28;0,23;0,19;0;0;0;0;0;0;0;0;0;0;0;1;1;1;1;1;0;0;0;0;0;0;0;0;0;0,2;1
514;0,01;0,68;0,22;0,11;0,21;0,35;0,08;0;0;0;0;0;0;0;0;0;1;1;1;1;1;1;1;1;0;0;0;0;0;0;0;0;0,39;1
515;0,01;0,59;0,25;0,11;0,26;0,32;0,18;0;0;0;0;0;0;0;0;0;0;0;1;1;1;1;1;1;1;1;0;0;0;0;0;0;0,6;1
516;0,01;0,67;0,3;0,14;0,31;0,23;0,15;0;0;0;0;0;0;0;0;0;0;0;1;1;1;1;1;1;0;0;0;0;0;0;0;0;0,39;1
517;0,01;0,67;0,2;0,1;0,2;0,3;0,1;0;0;0;0;0;0;0;0;0;0;1;1;1;1;1;1;1;0;0;0;0;0;0;0;0;1;1
518;0;0,68;0,29;0,14;0,3;0,18;0,3;0;0;0;0;0;0;0;0;0;1;1;1;1;1;0;0;0;0;0;0;0;0;0;0;0;0,39;1
519;0;0,68;0,29;0,14;0,3;0,34;0,14;0;0;0;0;0;0;0;0;0;1;1;1;1;1;1;1;1;0;0;0;0;0;0;0;0;0,2;1
520;0,01;0,7;0,2;0,1;0,19;0,21;0,12;0;0;0;0;0;0;0;0;0;0;0;1;1;1;1;1;0;0;0;0;0;0;0;0;0;0,39;1
521;0,01;0,71;0,2;0,11;0,19;0,3;0,07;0;0;0;0;0;0;0;0;0;0;0;1;1;1;1;1;1;1;0;0;0;0;0;0;0;0,76;1
522;0,01;0,79;0,22;0,13;0,19;0,17;0,29;0;0;0;0;0;0;0;0;0;1;1;1;1;0;0;0;0;0;0;0;0;0;0;0;0;0,14;1
523;0,01;0,64;0,25;0,11;0,26;0,31;0,1;0;0;0;0;0;0;0;0;0;0;0;0;1;1;1;1;1;1;1;0;0;0;0;0;0;1;1
524;0;0,9;0,29;0,16;0,29;0,25;0,14;0;0;0;0;0;0;0;0;0;0;1;1;1;1;1;1;0;0;0;0;0;0;0;0;0;1;1
525;0,01;0,72;0,21;0,12;0,19;0,25;0,12;0;0;0;0;0;0;0;0;0;0;0;0;1;1;1;1;1;1;0;0;0;0;0;0;0;0,6;1
526;0,01;0,59;0,26;0,11;0,27;0,4;0,11;0;0;0;0;0;0;0;0;0;0;1;1;1;1;1;1;1;1;1;0;0;0;0;0;0;0,68;1
527;0,01;0,76;0,21;0,12;0,19;0,41;0,11;0;0;0;0;0;0;0;0;0;0;0;0;1;1;1;1;1;1;1;1;1;1;0;0;0;0,76;1
528;0,01;0,88;0,27;0,15;0,26;0,41;0,14;0;0;0;0;0;0;0;0;0;1;1;1;1;1;1;1;1;1;1;0;0;0;0;0;0;1;0
529;0,01;0,79;0,21;0,13;0,19;0,22;0,1;0;0;0;0;0;0;0;0;0;0;0;0;1;1;1;1;1;0;0;0;0;0;0;0;0;0,68;1
530;0,01;0,66;0,3;0,13;0,31;0,27;0,18;0;0;0;0;0;0;0;0;0;1;1;1;1;1;1;1;0;0;0;0;0;0;0;0;0;0,6;1
531;0,01;0,78;0,29;0,15;0,28;0,18;0,18;0;0;0;0;0;0;0;0;0;0;0;0;1;1;1;1;0;0;0;0;0;0;0;0;0;0,68;1
532;0,01;0,9;0,28;0,16;0,26;0,28;0,08;0;0;0;0;0;0;0;0;0;0;0;0;1;1;1;1;1;1;1;0;0;0;0;0;0;1;1
533;0,01;0,75;0,23;0,12;0,21;0,19;0,14;0;0;0;0;0;0;0;0;0;0;0;0;1;1;1;1;1;0;0;0;0;0;0;0;0;0,6;1
534;0,01;0,62;0,21;0,1;0,21;0,19;0,23;0;0;0;0;0;0;0;0;0;0;0;0;1;1;1;1;1;0;0;0;0;0;0;0;0;0,47;1
535;0,01;0,61;0,27;0,12;0,27;0,37;0,06;0;0;0;0;0;0;0;0;0;1;1;1;1;1;1;1;1;1;0;0;0;0;0;0;0;0,76;1
536;0;0,84;0,25;0,15;0,23;0,3;0,2;0;0;0;0;0;0;0;0;0;1;1;1;1;1;1;1;0;0;0;0;0;0;0;0;0;0,6;1
537;0,01;0,81;0,25;0,14;0,24;0,41;0,06;0;0;0;0;0;0;0;0;0;0;0;0;1;1;1;1;1;1;1;1;1;1;0;0;0;0,2;1
538;0,01;0,7;0,21;0,11;0,19;0,38;0,09;0;0;0;0;0;0;0;0;0;0;1;1;1;1;1;1;1;1;1;0;0;0;0;0;0;0,34;1
539;0,01;0,92;0,31;0,16;0,31;0,31;0,17;0;0;0;0;0;0;0;0;0;1;1;1;1;1;1;1;1;0;0;0;0;0;0;0;0;0,84;1
540;0,01;0,98;0,35;0,17;0,34;0,33;0,07;0;0;0;0;0;0;0;0;0;0;1;1;1;1;1;1;1;1;0;0;0;0;0;0;0;0,84;1
541;0,01;0,55;0,26;0,11;0,26;0,21;0,1;0;0;0;0;0;0;0;0;0;0;0;1;1;1;1;1;0;0;0;0;0;0;0;0;0;0,6;1
542;0,02;0,93;0,33;0,16;0,32;0,33;0,11;0;0;0;0;0;0;0;0;0;1;1;1;1;1;1;1;1;0;0;0;0;0;0;0;0;0,34;1
543;0,01;0,77;0,27;0,14;0,26;0,18;0,12;0;0;0;0;0;0;0;0;0;1;1;1;1;0;0;0;0;0;0;0;0;0;0;0;0;0,2;1
544;0,02;0,8;0,24;0,14;0,21;0,41;0,05;0;0;0;0;0;0;0;0;0;0;0;0;1;1;1;1;1;1;1;1;1;1;0;0;0;0,2;1
545;0,01;0,58;0,3;0,12;0,3;0,31;0,15;0;0;0;0;0;0;0;0;0;0;0;0;1;1;1;1;1;1;1;1;0;0;0;0;0;0,14;1
546;0;0,88;0,26;0,15;0,24;0,24;0,14;0;0;0;0;0;0;0;0;0;0;1;1;1;1;1;0;0;0;0;0;0;0;0;0;0;0,6;1
547;0,03;0,88;0,29;0,16;0,27;0,41;0,1;0;0;0;0;0;0;0;0;0;0;0;0;1;1;1;1;1;1;1;1;1;0;0;0;0;1;1
548;0,01;0,89;0,28;0,16;0,27;0,28;0,17;0;0;0;0;0;0;0;0;0;0;1;1;1;1;1;1;1;0;0;0;0;0;0;0;0;0,84;1
549;0,01;0,79;0,22;0,13;0,19;0,31;0,14;0;0;0;0;0;0;0;0;0;0;1;1;1;1;1;1;1;1;0;0;0;0;0;0;0;0,84;1
550;0,01;0,61;0,26;0,12;0,26;0,4;0,12;0;0;0;0;0;0;0;0;0;1;1;1;1;1;1;1;1;1;1;0;0;0;0;0;0;0,47;1
551;0,02;0,59;0,23;0,1;0,24;0,34;0,13;0;0;0;0;0;0;0;0;0;1;1;1;1;1;1;1;1;0;0;0;0;0;0;0;0;1;1
552;0,02;0,73;0,2;0,11;0,19;0,24;0,09;0;0;0;0;0;0;0;0;0;0;1;1;1;1;1;0;0;0;0;0;0;0;0;0;0;0,6;1
553;0;0,85;0,24;0,15;0,22;0,26;0,11;0;0;0;0;0;0;0;0;0;0;0;0;1;1;1;1;1;1;0;0;0;0;0;0;0;1;1
554;0,01;0,57;0,24;0,11;0,24;0,29;0,1;0;0;0;0;0;0;0;0;0;0;0;0;1;1;1;1;1;1;1;0;0;0;0;0;0;0,14;1
555;0,01;0,61;0,22;0,1;0,21;0,22;0,28;0;0;0;0;0;0;0;0;0;0;0;0;1;1;1;1;1;0;0;0;0;0;0;0;0;0,34;1
556;0;0,94;0,3;0,17;0,28;0,31;0,07;0;0;0;0;0;0;0;0;0;0;0;1;1;1;1;1;1;1;0;0;0;0;0;0;0;0,39;1
557;0;0,58;0,26;0,11;0,26;0,17;0,18;0;0;0;0;0;0;0;0;0;0;0;1;1;1;1;0;0;0;0;0;0;0;0;0;0;0,6;1
558;0,02;0,76;0,22;0,13;0,19;0,17;0,19;0;0;0;0;0;0;0;0;0;0;0;0;1;1;1;1;0;0;0;0;0;0;0;0;0;1;1
559;0,01;0,56;0,29;0,12;0,29;0,23;0,24;0;0;0;0;0;0;0;0;0;1;1;1;1;1;1;0;0;0;0;0;0;0;0;0;0;0,34;1
560;0,01;0,86;0,25;0,15;0,22;0,38;0,14;0;0;0;0;0;0;0;0;0;1;1;1;1;1;1;1;1;1;0;0;0;0;0;0;0;1;1
561;0;0,87;0,26;0,15;0,24;0,4;0,15;0;0;0;0;0;0;0;0;0;0;0;1;1;1;1;1;1;1;1;1;0;0;0;0;0;0,84;1
562;0,01;0,7;0,23;0,11;0,21;0,18;0,25;0;0;0;0;0;0;0;0;0;0;0;1;1;1;1;1;0;0;0;0;0;0;0;0;0;0,39;1
563;0,01;0,64;0,23;0,11;0,22;0,19;0,28;0;0;0;0;0;0;0;0;0;0;0;0;1;1;1;1;0;0;0;0;0;0;0;0;0;1;1
564;0,01;0,61;0,27;0,12;0,28;0,27;0,1;0;0;0;0;0;0;0;0;0;1;1;1;1;1;1;0;0;0;0;0;0;0;0;0;0;0,76;1
565;0,01;0,71;0,2;0,11;0,19;0,2;0,15;0;0;0;0;0;0;0;0;0;1;1;1;1;1;0;0;0;0;0;0;0;0;0;0;0;0,34;1
566;0,02;0,87;0,31;0,16;0,29;0,24;0,1;0;0;0;0;0;0;0;0;0;0;1;1;1;1;1;0;0;0;0;0;0;0;0;0;0;0,6;1
567;0,02;0,86;0,3;0,15;0,3;0,21;0,17;0;0;0;0;0;0;0;0;0;1;1;1;1;1;0;0;0;0;0;0;0;0;0;0;0;0,34;1
568;0,01;0,82;0,22;0,14;0,2;0,29;0,14;0;0;0;0;0;0;0;0;0;0;0;0;1;1;1;1;1;1;1;0;0;0;0;0;0;0,76;1
569;0;0,74;0,22;0,12;0,2;0,39;0,07;0;0;0;0;0;0;0;0;0;0;0;1;1;1;1;1;1;1;1;1;1;0;0;0;0;0,39;1
570;0,01;0,67;0,31;0,13;0,33;0,19;0,23;0;0;0;0;0;0;0;0;0;1;1;1;1;1;0;0;0;0;0;0;0;0;0;0;0;0,2;1
571;0,01;0,67;0,23;0,11;0,23;0,24;0,21;0;0;0;0;0;0;0;0;0;0;0;0;1;1;1;1;1;0;0;0;0;0;0;0;0;0,39;1
572;0,01;0,7;0,27;0,14;0,28;0,39;0,07;0;0;0;0;0;0;0;0;0;0;0;1;1;1;1;1;1;1;1;1;1;0;0;0;0;0,84;1
573;0,01;0,67;0,21;0,1;0,2;0,41;0,13;0;0;0;0;0;0;0;0;0;1;1;1;1;1;1;1;1;1;1;0;0;0;0;0;0;0,2;1
574;0,01;0,73;0,21;0,11;0,19;0,27;0,1;0;0;0;0;0;0;0;0;0;0;0;1;1;1;1;1;1;1;0;0;0;0;0;0;0;0,39;1
575;0,01;0,86;0,26;0,15;0,25;0,18;0,16;0;0;0;0;0;0;0;0;0;1;1;1;1;1;0;0;0;0;0;0;0;0;0;0;0;0,47;1
576;0,01;0,77;0,21;0,12;0,19;0,26;0,09;0;0;0;0;0;0;0;0;0;0;1;1;1;1;1;1;0;0;0;0;0;0;0;0;0;0,34;1
577;0;0,76;0,27;0,14;0,26;0,35;0,15;0;0;0;0;0;0;0;0;0;0;0;1;1;1;1;1;1;1;1;1;0;0;0;0;0;0,47;1
578;0;0,95;0,31;0,17;0,29;0,37;0,06;0;0;0;0;0;0;0;0;0;0;0;1;1;1;1;1;1;1;1;1;0;0;0;0;0;0,39;1
579;0,01;0,62;0,26;0,11;0,27;0,28;0,12;0;0;0;0;0;0;0;0;0;0;1;1;1;1;1;1;1;0;0;0;0;0;0;0;0;0,76;1
580;0,01;0,72;0,22;0,11;0,2;0,37;0,06;0;0;0;0;0;0;0;0;0;0;1;1;1;1;1;1;1;1;1;0;0;0;0;0;0;0,14;1
581;0,01;0,53;0,27;0,11;0,28;0,2;0,13;0;0;0;0;0;0;0;0;0;0;0;1;1;1;1;1;0;0;0;0;0;0;0;0;0;0,76;1
582;0,02;0,85;0,31;0,15;0,29;0,35;0,08;0;0;0;0;0;0;0;0;0;0;1;1;1;1;1;1;1;1;0;0;0;0;0;0;0;0,14;1
583;0,01;0,77;0,24;0,13;0,23;0,18;0,33;0;0;0;0;0;0;0;0;0;0;1;1;1;1;1;0;0;0;0;0;0;0;0;0;0;0,2;1
584;0,01;0,69;0,2;0,11;0,19;0,2;0,17;0;0;0;0;0;0;0;0;0;0;1;1;1;1;0;0;0;0;0;0;0;0;0;0;0;0,84;1
585;0,01;0,68;0,21;0,1;0,2;0,36;0,07;0;0;0;0;0;0;0;0;0;0;0;0;1;1;1;1;1;1;1;1;0;0;0;0;0;0,84;1
586;0,01;0,62;0,26;0,11;0,28;0,23;0,15;0;0;0;0;0;0;0;0;0;0;0;1;1;1;1;1;0;0;0;0;0;0;0;0;0;0,34;1
587;0,01;0,67;0,27;0,11;0,26;0,2;0,22;0;0;0;0;0;0;0;0;0;1;1;1;1;1;0;0;0;0;0;0;0;0;0;0;0;0,68;1
588;0;0,72;0,28;0,14;0,29;0,28;0,14;0;0;0;0;0;0;0;0;0;1;1;1;1;1;1;1;0;0;0;0;0;0;0;0;0;0,39;1
589;0;0,8;0,27;0,15;0,25;0,21;0,17;0;0;0;0;0;0;0;0;0;0;1;1;1;1;1;0;0;0;0;0;0;0;0;0;0;0,2;1
590;0,01;0,53;0,26;0,11;0,27;0,2;0,21;0;0;0;0;0;0;0;0;0;0;0;0;1;1;1;1;1;0;0;0;0;0;0;0;0;0,39;1
591;0,01;0,77;0,21;0,12;0,19;0,31;0,11;0;0;0;0;0;0;0;0;0;0;0;0;1;1;1;1;1;1;1;0;0;0;0;0;0;0,34;1
592;0,01;0,88;0,32;0,15;0,32;0,18;0,12;0;0;0;0;0;0;0;0;0;0;1;1;1;1;0;0;0;0;0;0;0;0;0;0;0;0,2;1
593;0,01;0,74;0,23;0,12;0,22;0,3;0,09;0;0;0;0;0;0;0;0;0;0;1;1;1;1;1;1;1;0;0;0;0;0;0;0;0;0,2;1
594;0,01;0,63;0,28;0,13;0,29;0,4;0,11;0;0;0;0;0;0;0;0;0;1;1;1;1;1;1;1;1;1;1;0;0;0;0;0;0;0,76;1
595;0,01;0,82;0,29;0,15;0,28;0,23;0,1;0;0;0;0;0;0;0;0;0;0;0;0;1;1;1;1;1;1;0;0;0;0;0;0;0;0,68;1
596;0,01;0,6;0,26;0,12;0,27;0,23;0,12;0;0;0;0;0;0;0;0;0;0;0;1;1;1;1;1;1;0;0;0;0;0;0;0;0;1;1
597;0;0,6;0,25;0,11;0,27;0,28;0,08;0;0;0;0;0;0;0;0;0;0;0;0;1;1;1;1;1;1;0;0;0;0;0;0;0;0,14;1
598;0,01;0,53;0,25;0,11;0,25;0,41;0,06;0;0;0;0;0;0;0;0;0;0;1;1;1;1;1;1;1;1;1;1;0;0;0;0;0;0,2;1
599;0;0,54;0,25;0,11;0,25;0,23;0,19;0;0;0;0;0;0;0;0;0;1;1;1;1;1;0;0;0;0;0;0;0;0;0;0;0;0,39;1
600;0,01;0,56;0,24;0,11;0,23;0,33;0,11;0;0;0;0;0;0;0;0;0;0;1;1;1;1;1;1;1;1;0;0;0;0;0;0;0;0,47;1
601;0,01;0,7;0,2;0,1;0,19;0,39;0,16;0;0;0;0;0;0;0;0;0;0;0;1;1;1;1;1;1;1;1;1;0;0;0;0;0;0,2;1
602;0,01;0,85;0,25;0,15;0,23;0,21;0,12;0;0;0;0;0;0;0;0;0;0;1;1;1;1;1;0;0;0;0;0;0;0;0;0;0;0,76;1
603;0,01;0,61;0,23;0,11;0,23;0,35;0,08;0;0;0;0;0;0;0;0;0;0;1;1;1;1;1;1;1;1;1;0;0;0;0;0;0;0,39;1
604;0,01;0,78;0,21;0,12;0,19;0,34;0,18;0;0;0;0;0;0;0;0;0;0;1;1;1;1;1;1;1;1;1;0;0;0;0;0;0;0,6;0
605;0,01;0,71;0,26;0,12;0,24;0,19;0,17;0;0;0;0;0;0;0;0;0;0;0;1;1;1;1;0;0;0;0;0;0;0;0;0;0;0,2;1
606;0,01;0,79;0,26;0,13;0,25;0,27;0,23;0;0;0;0;0;0;0;0;0;0;1;1;1;1;1;1;0;0;0;0;0;0;0;0;0;0,47;1
607;0;0,61;0,23;0,11;0,22;0,31;0,15;0;0;0;0;0;0;0;0;0;1;1;1;1;1;1;1;0;0;0;0;0;0;0;0;0;0,84;1
608;0,01;0,74;0,25;0,12;0,23;0,31;0,11;0;0;0;0;0;0;0;0;0;0;0;1;1;1;1;1;1;1;0;0;0;0;0;0;0;0,34;1
609;0,01;0,92;0,33;0,16;0,32;0,26;0,23;0;0;0;0;0;0;0;0;0;0;0;0;1;1;1;1;1;1;1;0;0;0;0;0;0;0,14;1
610;0,01;0,58;0,23;0,1;0,23;0,38;0,14;0;0;0;0;0;0;0;0;0;0;1;1;1;1;1;1;1;1;1;0;0;0;0;0;0;0,84;1
611;0,01;0,71;0,27;0,14;0,28;0,29;0,09;0;0;0;0;0;0;0;0;0;0;0;1;1;1;1;1;1;1;0;0;0;0;0;0;0;0,6;1
612;0,01;0,68;0,22;0,1;0,21;0,38;0,15;0;0;0;0;0;0;0;0;0;0;0;0;1;1;1;1;1;1;1;1;1;1;0;0;0;0,39;0
613;0,01;0,76;0,29;0,14;0,29;0,37;0,13;0;0;0;0;0;0;0;0;0;1;1;1;1;1;1;1;1;1;0;0;0;0;0;0;0;0,76;1
614;0;0,63;0,24;0,11;0,25;0,2;0,28;0;0;0;0;0;0;0;0;0;0;1;1;1;1;1;0;0;0;0;0;0;0;0;0;0;0,34;1
615;0,01;0,84;0,26;0,14;0,25;0,38;0,07;0;0;0;0;0;0;0;0;0;0;0;1;1;1;1;1;1;1;1;1;0;0;0;0;0;0,6;1
616;0,01;0,9;0,27;0,16;0,25;0,25;0,23;0;0;0;0;0;0;0;0;0;0;1;1;1;1;1;1;0;0;0;0;0;0;0;0;0;0,76;1
617;0;0,88;0,28;0,15;0,27;0,41;0,13;0;0;0;0;0;0;0;0;0;0;1;1;1;1;1;1;1;1;1;1;0;0;0;0;0;0,47;1
618;0,01;0,7;0,23;0,11;0,22;0,28;0,17;0;0;0;0;0;0;0;0;0;1;1;1;1;1;1;1;0;0;0;0;0;0;0;0;0;0,47;1
619;0,01;0,61;0,27;0,12;0,28;0,28;0,09;0;0;0;0;0;0;0;0;0;0;1;1;1;1;1;1;0;0;0;0;0;0;0;0;0;0,6;1
620;0,01;0,57;0,23;0,1;0,23;0,37;0,1;0;0;0;0;0;0;0;0;0;1;1;1;1;1;1;1;1;1;0;0;0;0;0;0;0;0,34;1
621;0,01;0,76;0,28;0,14;0,27;0,32;0,08;0;0;0;0;0;0;0;0;0;0;1;1;1;1;1;1;1;0;0;0;0;0;0;0;0;0,68;1
622;0;0,94;0,3;0,17;0,28;0,35;0,11;0;0;0;0;0;0;0;0;0;0;0;1;1;1;1;1;1;1;1;0;0;0;0;0;0;0,68;1
623;0,01;0,95;0,31;0,17;0,3;0,24;0,21;0;0;0;0;0;0;0;0;0;0;1;1;1;1;1;1;0;0;0;0;0;0;0;0;0;0,6;1
624;0,01;0,93;0,32;0,17;0,31;0,2;0,24;0;0;0;0;0;0;0;0;0;0;0;1;1;1;1;1;0;0;0;0;0;0;0;0;0;0,14;1
625;0;0,82;0,24;0,14;0,22;0,36;0,14;0;0;0;0;0;0;0;0;0;1;1;1;1;1;1;1;1;0;0;0;0;0;0;0;0;0,76;1
626;0,01;0,84;0,26;0,15;0,23;0,33;0,18;0;0;0;0;0;0;0;0;0;1;1;1;1;1;1;1;1;0;0;0;0;0;0;0;0;0,6;1
627;0;0,57;0,24;0,11;0,23;0,29;0,13;0;0;0;0;0;0;0;0;0;0;1;1;1;1;1;1;1;0;0;0;0;0;0;0;0;0,39;1
628;0,01;0,62;0,23;0,1;0,24;0,3;0,12;0;0;0;0;0;0;0;0;0;0;1;1;1;1;1;1;1;0;0;0;0;0;0;0;0;0,39;1
629;0,01;0,81;0,22;0,13;0,2;0,22;0,22;0;0;0;0;0;0;0;0;0;0;1;1;1;1;1;0;0;0;0;0;0;0;0;0;0;0,2;1
630;0,01;0,83;0,25;0,14;0,23;0,32;0,16;0;0;0;0;0;0;0;0;0;0;0;0;1;1;1;1;1;1;1;1;0;0;0;0;0;0,76;1
631;0;0,57;0,29;0,12;0,3;0,36;0,1;0;0;0;0;0;0;0;0;0;0;0;1;1;1;1;1;1;1;1;0;0;0;0;0;0;0,47;1
632;0,01;0,68;0,32;0,13;0,33;0,33;0,11;0;0;0;0;0;0;0;0;0;0;0;0;1;1;1;1;1;1;1;1;0;0;0;0;0;0,68;1
633;0,01;0,82;0,24;0,14;0,22;0,3;0,08;0;0;0;0;0;0;0;0;0;0;0;1;1;1;1;1;1;1;0;0;0;0;0;0;0;0,2;1
634;0,01;0,56;0,29;0,12;0,29;0,4;0,08;0;0;0;0;0;0;0;0;0;0;0;1;1;1;1;1;1;1;1;1;0;0;0;0;0;0,14;1
635;0,01;0,76;0,23;0,13;0,21;0,28;0,12;0;0;0;0;0;0;0;0;0;1;1;1;1;1;1;1;0;0;0;0;0;0;0;0;0;0,14;1
636;0;0,54;0,28;0,11;0,28;0,17;0,15;0;0;0;0;0;0;0;0;0;0;1;1;1;1;0;0;0;0;0;0;0;0;0;0;0;1;1
637;0,01;0,64;0,26;0,11;0,27;0,34;0,08;0;0;0;0;0;0;0;0;0;0;0;0;1;1;1;1;1;1;1;1;0;0;0;0;0;0,68;1
638;0;0,84;0,25;0,15;0,22;0,26;0,1;0;0;0;0;0;0;0;0;0;1;1;1;1;1;1;0;0;0;0;0;0;0;0;0;0;0,39;1
639;0,01;0,71;0,28;0,14;0,28;0,32;0,12;0;0;0;0;0;0;0;0;0;0;0;1;1;1;1;1;1;1;1;0;0;0;0;0;0;0,6;1
640;0;0,9;0,29;0,16;0,29;0,28;0,2;0;0;0;0;0;0;0;0;0;0;0;1;1;1;1;1;1;1;0;0;0;0;0;0;0;1;1
641;0,01;0,63;0,24;0,12;0,24;0,19;0,2;0;0;0;0;0;0;0;0;0;0;0;0;1;1;1;1;1;0;0;0;0;0;0;0;0;1;1
642;0;0,86;0,27;0,15;0,25;0,33;0,16;0;0;0;0;0;0;0;0;0;0;0;1;1;1;1;1;1;1;1;0;0;0;0;0;0;0,6;1
643;0,01;0,79;0,26;0,14;0,24;0,38;0,11;0;0;0;0;0;0;0;0;0;0;1;1;1;1;1;1;1;1;1;0;0;0;0;0;0;0,6;1
644;0,01;0,76;0,22;0,13;0,2;0,33;0,13;0;0;0;0;0;0;0;0;0;0;0;0;1;1;1;1;1;1;1;1;0;0;0;0;0;0,39;1
645;0,01;0,67;0,28;0,13;0,29;0,24;0,15;0;0;0;0;0;0;0;0;0;0;0;1;1;1;1;1;1;0;0;0;0;0;0;0;0;0,84;1
646;0,01;0,66;0,3;0,14;0,31;0,38;0,11;0;0;0;0;0;0;0;0;0;0;1;1;1;1;1;1;1;1;1;0;0;0;0;0;0;0,68;1
647;0,01;0,66;0,3;0,13;0,31;0,25;0,23;0;0;0;0;0;0;0;0;0;0;1;1;1;1;1;1;0;0;0;0;0;0;0;0;0;0,6;1
648;0,01;0,78;0,28;0,13;0,27;0,31;0,1;0;0;0;0;0;0;0;0;0;1;1;1;1;1;1;1;1;0;0;0;0;0;0;0;0;0,6;1
649;0,01;0,77;0,28;0,14;0,27;0,31;0,14;0;0;0;0;0;0;0;0;0;0;0;1;1;1;1;1;1;1;1;0;0;0;0;0;0;0,68;1
650;0,01;0,84;0,3;0,14;0,29;0,32;0,08;0;0;0;0;0;0;0;0;0;1;1;1;1;1;1;1;0;0;0;0;0;0;0;0;0;0,84;1
651;0;0,97;0,37;0,17;0,35;0,33;0,15;0;0;0;0;0;0;0;0;0;0;1;1;1;1;1;1;1;1;0;0;0;0;0;0;0;0,76;1
652;0,01;0,65;0,23;0,12;0,23;0,23;0,15;0;0;0;0;0;0;0;0;0;0;0;1;1;1;1;1;0;0;0;0;0;0;0;0;0;0,14;1
653;0,01;0,58;0,3;0,12;0,3;0,25;0,12;0;0;0;0;0;0;0;0;0;0;0;0;1;1;1;1;1;1;0;0;0;0;0;0;0;0,34;1
654;0,01;0,69;0,28;0,14;0,29;0,27;0,1;0;0;0;0;0;0;0;0;0;0;0;1;1;1;1;1;1;1;0;0;0;0;0;0;0;0,47;1
655;0,01;0,89;0,27;0,16;0,25;0,18;0,18;0;0;0;0;0;0;0;0;0;0;0;1;1;1;1;0;0;0;0;0;0;0;0;0;0;0,2;1
656;0,01;0,94;0,3;0,17;0,28;0,22;0,13;0;0;0;0;0;0;0;0;0;0;0;1;1;1;1;1;0;0;0;0;0;0;0;0;0;1;1
657;0,01;0,91;0,28;0,16;0,26;0,38;0,12;0;0;0;0;0;0;0;0;0;0;1;1;1;1;1;1;1;1;1;0;0;0;0;0;0;1;1
658;0;0,66;0,23;0,11;0,23;0,34;0,17;0;0;0;0;0;0;0;0;0;1;1;1;1;1;1;1;1;0;0;0;0;0;0;0;0;0,47;1
659;0,01;0,57;0,23;0,11;0,23;0,26;0,1;0;0;0;0;0;0;0;0;0;0;0;1;1;1;1;1;1;1;0;0;0;0;0;0;0;0,84;1
660;0,01;0,86;0,25;0,15;0,23;0,17;0,17;0;0;0;0;0;0;0;0;0;0;1;1;1;1;0;0;0;0;0;0;0;0;0;0;0;0,6;1
661;0,01;0,89;0,27;0,16;0,25;0,21;0,13;0;0;0;0;0;0;0;0;0;1;1;1;1;1;0;0;0;0;0;0;0;0;0;0;0;0,39;1
662;0,01;0,6;0,26;0,12;0,26;0,26;0,09;0;0;0;0;0;0;0;0;0;0;1;1;1;1;1;1;0;0;0;0;0;0;0;0;0;0,39;1
663;0,01;0,81;0,26;0,15;0,24;0,24;0,2;0;0;0;0;0;0;0;0;0;0;1;1;1;1;1;1;0;0;0;0;0;0;0;0;0;0,84;1
664;0,01;0,92;0,29;0,17;0,27;0,22;0,17;0;0;0;0;0;0;0;0;0;1;1;1;1;1;0;0;0;0;0;0;0;0;0;0;0;0,6;1
665;0;0,9;0,32;0,16;0,3;0,24;0,26;0;0;0;0;0;0;0;0;0;0;1;1;1;1;1;0;0;0;0;0;0;0;0;0;0;0,47;1
666;0,02;0,56;0,25;0,11;0,26;0,25;0,18;0;0;0;0;0;0;0;0;0;0;0;0;1;1;1;1;1;1;0;0;0;0;0;0;0;0,34;1
667;0;0,99;0,36;0,17;0,35;0,24;0,16;0;0;0;0;0;0;0;0;0;1;1;1;1;1;1;0;0;0;0;0;0;0;0;0;0;0,34;1
668;0;0,85;0,24;0,15;0,22;0,34;0,16;0;0;0;0;0;0;0;0;0;0;1;1;1;1;1;1;1;1;0;0;0;0;0;0;0;1;1
669;0,01;0,81;0,28;0,15;0,26;0,36;0,08;0;0;0;0;0;0;0;0;0;0;0;0;1;1;1;1;1;1;1;1;0;0;0;0;0;0,2;1
670;0,01;0,58;0,23;0,1;0,22;0,27;0,22;0;0;0;0;0;0;0;0;0;0;0;0;1;1;1;1;1;1;1;0;0;0;0;0;0;0,34;1
671;0,01;0,87;0,25;0,15;0,22;0,29;0,12;0;0;0;0;0;0;0;0;0;1;1;1;1;1;1;1;0;0;0;0;0;0;0;0;0;0,34;1
672;0,01;0,55;0,25;0,11;0,24;0,4;0,15;0;0;0;0;0;0;0;0;0;0;0;1;1;1;1;1;1;1;1;1;1;0;0;0;0;1;1
673;0,01;0,95;0,34;0,17;0,32;0,41;0,08;0;0;0;0;0;0;0;0;0;0;0;1;1;1;1;1;1;1;1;1;0;0;0;0;0;0,6;1
674;0,01;0,69;0,21;0,11;0,19;0,33;0,11;0;0;0;0;0;0;0;0;0;0;1;1;1;1;1;1;1;1;0;0;0;0;0;0;0;0,84;1
675;0,01;0,65;0,3;0,13;0,31;0,2;0,16;0;0;0;0;0;0;0;0;0;0;0;1;1;1;1;1;0;0;0;0;0;0;0;0;0;0,76;1
676;0,01;0,54;0,28;0,11;0,28;0,36;0,16;0;0;0;0;0;0;0;0;0;0;1;1;1;1;1;1;1;1;1;0;0;0;0;0;0;0,14;1
677;0,01;0,91;0,32;0,16;0,32;0,28;0,2;0;0;0;0;0;0;0;0;0;0;0;1;1;1;1;1;1;1;0;0;0;0;0;0;0;0,47;1
678;0;0,97;0,37;0,17;0,35;0,39;0,07;0;0;0;0;0;0;0;0;0;0;1;1;1;1;1;1;1;1;1;1;0;0;0;0;0;0,76;1
679;0,01;0,75;0,21;0,12;0,19;0,39;0,07;0;0;0;0;0;0;0;0;0;1;1;1;1;1;1;1;1;1;0;0;0;0;0;0;0;0,76;1
680;0,01;0,55;0,26;0,11;0,27;0,24;0,11;0;0;0;0;0;0;0;0;0;0;1;1;1;1;1;1;0;0;0;0;0;0;0;0;0;0,14;1
681;0;0,66;0,21;0,1;0,19;0,35;0,15;0;0;0;0;0;0;0;0;0;0;1;1;1;1;1;1;1;1;0;0;0;0;0;0;0;0,68;1
682;0,01;0,88;0,25;0,15;0,23;0,34;0,16;0;0;0;0;0;0;0;0;0;1;1;1;1;1;1;1;1;0;0;0;0;0;0;0;0;0,6;1
683;0,01;0,64;0,29;0,13;0,3;0,33;0,08;0;0;0;0;0;0;0;0;0;0;0;0;1;1;1;1;1;1;1;1;0;0;0;0;0;0,47;1
684;0,01;0,96;0,34;0,17;0,32;0,35;0,13;0;0;0;0;0;0;0;0;0;1;1;1;1;1;1;1;1;1;0;0;0;0;0;0;0;0,76;1
685;0,01;0,59;0,27;0,11;0,28;0,37;0,14;0;0;0;0;0;0;0;0;0;0;0;1;1;1;1;1;1;1;1;1;0;0;0;0;0;0,6;1
686;0,01;0,55;0,26;0,11;0,27;0,32;0,07;0;0;0;0;0;0;0;0;0;1;1;1;1;1;1;1;1;0;0;0;0;0;0;0;0;0,39;1
687;0;0,58;0,25;0,11;0,25;0,26;0,17;0;0;0;0;0;0;0;0;0;0;0;1;1;1;1;1;1;0;0;0;0;0;0;0;0;0,2;1
688;0,01;0,93;0,29;0,17;0,27;0,25;0,22;0;0;0;0;0;0;0;0;0;0;1;1;1;1;1;1;0;0;0;0;0;0;0;0;0;0,39;1
689;0,01;0,67;0,2;0,1;0,2;0,33;0,18;0;0;0;0;0;0;0;0;0;0;0;1;1;1;1;1;1;1;1;0;0;0;0;0;0;0,76;1
690;0,02;0,65;0,3;0,13;0,31;0,28;0,11;0;0;0;0;0;0;0;0;0;0;1;1;1;1;1;1;1;0;0;0;0;0;0;0;0;0,14;1
691;0,01;0,7;0,25;0,11;0,24;0,29;0,11;0;0;0;0;0;0;0;0;0;0;1;1;1;1;1;1;1;0;0;0;0;0;0;0;0;0,84;1
692;0;0,73;0,2;0,11;0,19;0,24;0,14;0;0;0;0;0;0;0;0;0;0;0;0;1;1;1;1;1;0;0;0;0;0;0;0;0;0,34;1
693;0;0,71;0,22;0,11;0,2;0,41;0,06;0;0;0;0;0;0;0;0;0;0;0;1;1;1;1;1;1;1;1;1;1;0;0;0;0;0,2;1
694;0,01;0,76;0,3;0,14;0,29;0,36;0,13;0;0;0;0;0;0;0;0;0;0;0;0;1;1;1;1;1;1;1;1;0;0;0;0;0;0,6;1
695;0;0,9;0,32;0,16;0,3;0,2;0,12;0;0;0;0;0;0;0;0;0;0;0;0;1;1;1;1;1;0;0;0;0;0;0;0;0;0,76;1
696;0,01;0,71;0,23;0,13;0,22;0,35;0,15;0;0;0;0;0;0;0;0;0;0;1;1;1;1;1;1;1;1;1;0;0;0;0;0;0;0,84;1
697;0,01;0,92;0,31;0,16;0,3;0,37;0,1;0;0;0;0;0;0;0;0;0;1;1;1;1;1;1;1;1;1;0;0;0;0;0;0;0;0,2;1
698;0,02;0,75;0,26;0,12;0,25;0,23;0,12;0;0;0;0;0;0;0;0;0;1;1;1;1;1;0;0;0;0;0;0;0;0;0;0;0;0,47;1
699;0,01;0,6;0,27;0,12;0,27;0,23;0,1;0;0;0;0;0;0;0;0;0;0;1;1;1;1;1;0;0;0;0;0;0;0;0;0;0;0,68;1
700;0,01;0,9;0,31;0,15;0,31;0,31;0,07;0;0;0;0;0;0;0;0;0;0;0;1;1;1;1;1;1;1;0;0;0;0;0;0;0;0,14;1
701;0,01;0,84;0,23;0,15;0,21;0,2;0,19;0;0;0;0;0;0;0;0;0;1;1;1;1;1;0;0;0;0;0;0;0;0;0;0;0;0,14;1
702;0,01;0,92;0,3;0,16;0,29;0,28;0,12;0;0;0;0;0;0;0;0;0;0;0;1;1;1;1;1;1;1;0;0;0;0;0;0;0;0,84;1
703;0,01;0,72;0,26;0,12;0,25;0,32;0,08;0;0;0;0;0;0;0;0;0;0;0;0;1;1;1;1;1;1;1;1;0;0;0;0;0;0,14;1
704;0;0,62;0,22;0,1;0,23;0,24;0,15;0;0;0;0;0;0;0;0;0;0;0;0;1;1;1;1;1;0;0;0;0;0;0;0;0;0,68;1
705;0,01;0,65;0,22;0,11;0,21;0,27;0,18;0;0;0;0;0;0;0;0;0;0;0;1;1;1;1;1;1;1;0;0;0;0;0;0;0;0,39;1
706;0,01;0,7;0,2;0,1;0,19;0,33;0,18;0;0;0;0;0;0;0;0;0;1;1;1;1;1;1;1;1;0;0;0;0;0;0;0;0;0,76;1
707;0,01;0,56;0,27;0,11;0,29;0,19;0,2;0;0;0;0;0;0;0;0;0;1;1;1;1;1;0;0;0;0;0;0;0;0;0;0;0;0,47;1
708;0,01;0,6;0,27;0,12;0,27;0,31;0,16;0;0;0;0;0;0;0;0;0;1;1;1;1;1;1;1;0;0;0;0;0;0;0;0;0;0,84;1
709;0,01;0,65;0,21;0,11;0,2;0,41;0,09;0;0;0;0;0;0;0;0;0;1;1;1;1;1;1;1;1;1;1;0;0;0;0;0;0;0,34;1
710;0,01;0,6;0,22;0,1;0,22;0,34;0,06;0;0;0;0;0;0;0;0;0;0;0;1;1;1;1;1;1;1;1;0;0;0;0;0;0;0,39;1
711;0;0,82;0,22;0,14;0,21;0,34;0,07;0;0;0;0;0;0;0;0;0;0;1;1;1;1;1;1;1;1;0;0;0;0;0;0;0;0,14;1
712;0,02;0,67;0,25;0,13;0,25;0,17;0,26;0;0;0;0;0;0;0;0;0;0;0;1;1;1;1;0;0;0;0;0;0;0;0;0;0;0,68;1
713;0,02;0,59;0,24;0,11;0,24;0,38;0,14;0;0;0;0;0;0;0;0;0;0;0;0;1;1;1;1;1;1;1;1;1;0;0;0;0;0,34;1
714;0,01;0,78;0,21;0,13;0,19;0,39;0,13;0;0;0;0;0;0;0;0;0;0;1;1;1;1;1;1;1;1;1;0;0;0;0;0;0;1;1
715;0;0,92;0,32;0,17;0,31;0,29;0,11;0;0;0;0;0;0;0;0;0;0;0;1;1;1;1;1;1;1;0;0;0;0;0;0;0;0,39;1
716;0,01;0,82;0,23;0,14;0,2;0,34;0,16;0;0;0;0;0;0;0;0;0;0;1;1;1;1;1;1;1;1;0;0;0;0;0;0;0;1;1
717;0,01;0,55;0,27;0,11;0,28;0,21;0,17;0;0;0;0;0;0;0;0;0;0;0;1;1;1;1;1;0;0;0;0;0;0;0;0;0;0,34;1
718;0,01;0,55;0,24;0,11;0,24;0,21;0,21;0;0;0;0;0;0;0;0;0;0;0;0;1;1;1;1;1;0;0;0;0;0;0;0;0;0,47;1
719;0;0,75;0,22;0,12;0,2;0,34;0,11;0;0;0;0;0;0;0;0;0;1;1;1;1;1;1;1;1;0;0;0;0;0;0;0;0;0,6;1
720;0;0,79;0,22;0,13;0,2;0,28;0,1;0;0;0;0;0;0;0;0;0;0;0;0;1;1;1;1;1;1;1;0;0;0;0;0;0;1;1
721;0;0,77;0,21;0,12;0,19;0,19;0,12;0;0;0;0;0;0;0;0;0;0;0;1;1;1;1;1;0;0;0;0;0;0;0;0;0;1;1
722;0;0,82;0,22;0,14;0,21;0,32;0,14;0;0;0;0;0;0;0;0;0;1;1;1;1;1;1;1;1;0;0;0;0;0;0;0;0;0,84;1
723;0,01;0,8;0,22;0,13;0,2;0,21;0,16;0;0;0;0;0;0;0;0;0;0;0;1;1;1;1;1;1;0;0;0;0;0;0;0;0;0,39;1
724;0,01;0,76;0,22;0,12;0,2;0,32;0,15;0;0;0;0;0;0;0;0;0;0;0;1;1;1;1;1;1;1;1;0;0;0;0;0;0;0,47;1
725;0;0,78;0,22;0,13;0,2;0,23;0,11;0;0;0;0;0;0;0;0;0;1;1;1;1;1;1;0;0;0;0;0;0;0;0;0;0;0,6;1
726;0,01;0,8;0,22;0,13;0,2;0,19;0,21;0;0;0;0;0;0;0;0;0;0;0;1;1;1;1;1;0;0;0;0;0;0;0;0;0;0,39;1
727;0,01;0,77;0,21;0,12;0,19;0,37;0,17;0;0;0;0;0;0;0;0;0;0;0;0;1;1;1;1;1;1;1;1;1;0;0;0;0;0,76;1
728;0,02;0,81;0,51;0,16;0,53;0,41;0,07;0;0;0;0;0;0;0;0;0;1;1;1;1;1;1;1;1;1;1;0;0;0;0;0;0;0,2;1
729;0,02;0,82;0,52;0,16;0,54;0,4;0,06;0;0;0;0;0;0;0;0;0;1;1;1;1;1;1;1;1;1;1;0;0;0;0;0;0;1;1
730;0,05;0,72;0,42;0,12;0,41;0,38;0,07;0;0;0;0;0;0;0;0;0;1;1;1;1;1;1;1;1;1;1;0;0;0;0;0;0;0,34;1
731;0,02;0,9;0,36;0,15;0,36;0,33;0,08;0;0;0;0;0;0;0;0;0;0;0;1;1;1;1;1;1;1;1;0;0;0;0;0;0;0,84;1
732;0,02;0,99;0,69;0,17;0,71;0,36;0,08;0;0;0;0;0;0;0;0;0;0;0;0;1;1;1;1;1;1;1;1;1;0;0;0;0;0,76;1
733;0,02;1;0,7;0,17;0,72;0,18;0,13;0;0;0;0;0;0;0;0;0;1;1;1;1;0;0;0;0;0;0;0;0;0;0;0;0;0,39;1
734;0,03;0,97;0,67;0,17;0,69;0,31;0,14;0;0;0;0;0;0;0;0;0;1;1;1;1;1;1;1;0;0;0;0;0;0;0;0;0;0,39;1
735;0,01;0,66;0,35;0,13;0,35;0,19;0,14;0;0;0;0;0;0;0;0;0;0;0;1;1;1;1;1;0;0;0;0;0;0;0;0;0;0,6;1
736;0,01;0,74;0,4;0,15;0,41;0,36;0,07;0;0;0;0;0;0;0;0;0;0;0;1;1;1;1;1;1;1;1;1;0;0;0;0;0;0,84;1
737;0,03;0,67;0,32;0,13;0,33;0,36;0,12;0;0;0;0;0;0;0;0;0;0;0;1;1;1;1;1;1;1;1;1;0;0;0;0;0;0,34;1
738;0,01;0,65;0,34;0,13;0,34;0,39;0,09;0;0;0;0;0;0;0;0;0;1;1;1;1;1;1;1;1;1;0;0;0;0;0;0;0;0,76;1
739;0,01;0,71;0,4;0,15;0,4;0,34;0,15;0;0;0;0;0;0;0;0;0;0;0;1;1;1;1;1;1;1;1;0;0;0;0;0;0;0,14;1
740;0,02;0,68;0,37;0,14;0,37;0,17;0,14;0;0;0;0;0;0;0;0;0;0;0;1;1;1;1;0;0;0;0;0;0;0;0;0;0;0,84;1
741;0,01;0,67;0,34;0,13;0,34;0,39;0,1;0;0;0;0;0;0;0;0;0;0;1;1;1;1;1;1;1;1;1;0;0;0;0;0;0;0,47;1
742;0,01;0,73;0,39;0,14;0,39;0,31;0,2;0;0;0;0;0;0;0;0;0;0;0;1;1;1;1;1;1;1;1;0;0;0;0;0;0;0,76;1
743;0,01;0,65;0,33;0,13;0,33;0,4;0,11;0;0;0;0;0;0;0;0;0;1;1;1;1;1;1;1;1;1;1;0;0;0;0;0;0;0,68;1
744;0,01;0,74;0,4;0,15;0,41;0,31;0,15;0;0;0;0;0;0;0;0;0;0;0;0;1;1;1;1;1;1;1;0;0;0;0;0;0;0,6;1
745;0,03;0,76;0,42;0,15;0,41;0,29;0,19;0;0;0;0;0;0;0;0;0;1;1;1;1;1;1;1;0;0;0;0;0;0;0;0;0;0,68;1
746;0,03;0,7;0,35;0,13;0,35;0,36;0,12;0;0;0;0;0;0;0;0;0;1;1;1;1;1;1;1;1;1;0;0;0;0;0;0;0;0,68;1
747;0,01;0,75;0,43;0,15;0,43;0,3;0,14;0;0;0;0;0;0;0;0;0;0;0;1;1;1;1;1;1;1;0;0;0;0;0;0;0;0,84;1
748;0,02;0,69;0,37;0,14;0,37;0,26;0,16;0;0;0;0;0;0;0;0;0;0;0;0;1;1;1;1;1;1;0;0;0;0;0;0;0;0,47;1
749;0,02;0,62;0,32;0,13;0,32;0,2;0,18;0;0;0;0;0;0;0;0;0;1;1;1;1;0;0;0;0;0;0;0;0;0;0;0;0;0,2;1
750;0,01;0,71;0,4;0,15;0,41;0,21;0,12;0;0;0;0;0;0;0;0;0;0;1;1;1;1;1;0;0;0;0;0;0;0;0;0;0;0,6;1
751;0,01;0,73;0,37;0,14;0,38;0,41;0,15;0;0;0;0;0;0;0;0;0;0;0;1;1;1;1;1;1;1;1;1;0;0;0;0;0;0,6;0
752;0,02;0,74;0,4;0,14;0,39;0,37;0,07;0;0;0;0;0;0;0;0;0;1;1;1;1;1;1;1;1;1;0;0;0;0;0;0;0;0,2;1
753;0,01;0,72;0,39;0,14;0,39;0,31;0,16;0;0;0;0;0;0;0;0;0;0;0;0;1;1;1;1;1;1;1;0;0;0;0;0;0;1;1
754;0,01;0,73;0,38;0,14;0,38;0,31;0,16;0;0;0;0;0;0;0;0;0;0;1;1;1;1;1;1;1;0;0;0;0;0;0;0;0;0,14;1
755;0,01;0,72;0,38;0,14;0,38;0,25;0,14;0;0;0;0;0;0;0;0;0;1;1;1;1;1;1;0;0;0;0;0;0;0;0;0;0;1;1
756;0,01;0,76;0,43;0,15;0,43;0,39;0,11;0;0;0;0;0;0;0;0;0;1;1;1;1;1;1;1;1;1;1;0;0;0;0;0;0;0,39;1
757;0,02;0,62;0,31;0,12;0,31;0,32;0,07;0;0;0;0;0;0;0;0;0;1;1;1;1;1;1;1;0;0;0;0;0;0;0;0;0;0,6;1
758;0,02;0,67;0,33;0,13;0,33;0,19;0,2;0;0;0;0;0;0;0;0;0;1;1;1;1;0;0;0;0;0;0;0;0;0;0;0;0;0,39;1
759;0,01;0,7;0,34;0,13;0,35;0,3;0,18;0;0;0;0;0;0;0;0;0;0;0;1;1;1;1;1;1;1;1;0;0;0;0;0;0;0,47;1
760;0,01;0,72;0,38;0,14;0,38;0,25;0,12;0;0;0;0;0;0;0;0;0;0;0;1;1;1;1;1;1;0;0;0;0;0;0;0;0;0,14;1
761;0,01;0,71;0,4;0,15;0,4;0,36;0,07;0;0;0;0;0;0;0;0;0;0;1;1;1;1;1;1;1;1;0;0;0;0;0;0;0;0,76;1
762;0,01;0,71;0,38;0,14;0,38;0,26;0,21;0;0;0;0;0;0;0;0;0;0;1;1;1;1;1;1;0;0;0;0;0;0;0;0;0;0,68;1
763;0,01;0,65;0,35;0,13;0,34;0,27;0,09;0;0;0;0;0;0;0;0;0;1;1;1;1;1;1;0;0;0;0;0;0;0;0;0;0;0,34;1
764;0,02;0,73;0,41;0,15;0,41;0,23;0,16;0;0;0;0;0;0;0;0;0;0;0;1;1;1;1;1;1;0;0;0;0;0;0;0;0;0,14;1
765;0,01;0,74;0,41;0,15;0,41;0,32;0,16;0;0;0;0;0;0;0;0;0;1;1;1;1;1;1;1;1;0;0;0;0;0;0;0;0;0,84;1
766;0,01;0,69;0,33;0,13;0,34;0,33;0,17;0;0;0;0;0;0;0;0;0;0;0;1;1;1;1;1;1;1;1;0;0;0;0;0;0;0,2;1
767;0,01;0,68;0,34;0,13;0,34;0,18;0,17;0;0;0;0;0;0;0;0;0;0;0;0;1;1;1;1;0;0;0;0;0;0;0;0;0;1;1
768;0,01;0,74;0,42;0,15;0,42;0,34;0,13;0;0;0;0;0;0;0;0;0;0;1;1;1;1;1;1;1;1;0;0;0;0;0;0;0;0,14;1
769;0,01;0,74;0,39;0,14;0,39;0,3;0,11;0;0;0;0;0;0;0;0;0;0;0;1;1;1;1;1;1;1;0;0;0;0;0;0;0;0,68;1
770;0,01;0,66;0,34;0,13;0,34;0,4;0,15;0;0;0;0;0;0;0;0;0;1;1;1;1;1;1;1;1;1;1;0;0;0;0;0;0;0,84;1
771;0,01;0,73;0,38;0,14;0,38;0,23;0,18;0;0;0;0;0;0;0;0;0;0;0;1;1;1;1;1;1;0;0;0;0;0;0;0;0;0,6;1
772;0,02;0,69;0,36;0,14;0,36;0,21;0,23;0;0;0;0;0;0;0;0;0;0;0;0;1;1;1;1;1;0;0;0;0;0;0;0;0;0,39;1
773;0,01;0,7;0,39;0,14;0,39;0,27;0,12;0;0;0;0;0;0;0;0;0;1;1;1;1;1;1;0;0;0;0;0;0;0;0;0;0;0,84;1
774;0,02;0,71;0,36;0,14;0,36;0,35;0,17;0;0;0;0;0;0;0;0;0;1;1;1;1;1;1;1;1;0;0;0;0;0;0;0;0;1;1
775;0,03;0,77;0,42;0,14;0,41;0,2;0,19;0;0;0;0;0;0;0;0;0;0;1;1;1;1;1;0;0;0;0;0;0;0;0;0;0;0,2;1
776;0,01;0,71;0,39;0,14;0,39;0,31;0,2;0;0;0;0;0;0;0;0;0;0;0;0;1;1;1;1;1;1;1;1;0;0;0;0;0;0,39;1
777;0,02;0,76;0,41;0,14;0,41;0,24;0,18;0;0;0;0;0;0;0;0;0;0;1;1;1;1;1;1;0;0;0;0;0;0;0;0;0;0,76;1
778;0,01;0,73;0,4;0,15;0,41;0,42;0,06;0;0;0;0;0;0;0;0;0;0;0;0;1;1;1;1;1;1;1;1;1;1;0;0;0;0,84;1
779;0,01;0,81;0,49;0,16;0,51;0,35;0,08;0;0;0;0;0;0;0;0;0;0;0;1;1;1;1;1;1;1;1;0;0;0;0;0;0;1;1
780;0,01;0,82;0,5;0,17;0,52;0,36;0,07;0;0;0;0;0;0;0;0;0;0;0;0;1;1;1;1;1;1;1;1;1;0;0;0;0;1;1
781;0,04;0,7;0,39;0,14;0,41;0,23;0,18;0;0;0;0;0;0;0;0;0;0;0;0;1;1;1;1;1;1;0;0;0;0;0;0;0;0,34;1
782;0,01;0,8;0,47;0,16;0,5;0,37;0,09;0;0;0;0;0;0;0;0;0;0;0;1;1;1;1;1;1;1;1;1;0;0;0;0;0;0,14;1
783;0,01;0,86;0,53;0,17;0,56;0,23;0,22;0;0;0;0;0;0;0;0;0;0;0;1;1;1;1;1;0;0;0;0;0;0;0;0;0;0,2;1
784;0,02;0,82;0,5;0,16;0,52;0,36;0,07;0;0;0;0;0;0;0;0;0;0;0;1;1;1;1;1;1;1;1;1;0;0;0;0;0;0,47;1
785;0,01;0,75;0,43;0,15;0,46;0,3;0,13;0;0;0;0;0;0;0;0;0;1;1;1;1;1;1;1;0;0;0;0;0;0;0;0;0;0,34;1
786;0,01;0,8;0,47;0,16;0,49;0,19;0,32;0;0;0;0;0;0;0;0;0;0;0;0;1;1;1;1;1;0;0;0;0;0;0;0;0;0,68;1
787;0,01;0,78;0,46;0,16;0,48;0,24;0,18;0;0;0;0;0;0;0;0;0;1;1;1;1;1;0;0;0;0;0;0;0;0;0;0;0;0,84;1
788;0,01;0,83;0,5;0,17;0,53;0,22;0,22;0;0;0;0;0;0;0;0;0;1;1;1;1;1;0;0;0;0;0;0;0;0;0;0;0;0,6;1
789;0,03;0,81;0,49;0,17;0,51;0,32;0,18;0;0;0;0;0;0;0;0;0;0;0;0;1;1;1;1;1;1;1;0;0;0;0;0;0;0,6;1
790;0,03;0,73;0,41;0,15;0,43;0,31;0,14;0;0;0;0;0;0;0;0;0;0;0;1;1;1;1;1;1;1;0;0;0;0;0;0;0;0,84;1
791;0,01;0,87;0,54;0,17;0,57;0,38;0,11;0;0;0;0;0;0;0;0;0;0;1;1;1;1;1;1;1;1;1;0;0;0;0;0;0;0,34;1
792;0,02;0,81;0,48;0,16;0,51;0,19;0,22;0;0;0;0;0;0;0;0;0;1;1;1;1;1;0;0;0;0;0;0;0;0;0;0;0;0,84;1
793;0,02;0,79;0,47;0,15;0,49;0,26;0,14;0;0;0;0;0;0;0;0;0;0;0;0;1;1;1;1;1;1;1;0;0;0;0;0;0;0,76;1
794;0,01;0,86;0,54;0,17;0,56;0,34;0,08;0;0;0;0;0;0;0;0;0;0;0;0;1;1;1;1;1;1;1;1;0;0;0;0;0;0,76;1
795;0,01;0,74;0,43;0,15;0,45;0,35;0,17;0;0;0;0;0;0;0;0;0;0;1;1;1;1;1;1;1;1;1;0;0;0;0;0;0;0,84;1
796;0,02;0,79;0,47;0,16;0,49;0,17;0,16;0;0;0;0;0;0;0;0;0;0;0;1;1;1;1;0;0;0;0;0;0;0;0;0;0;0,47;1
797;0,01;0,81;0,48;0,17;0,51;0,34;0,14;0;0;0;0;0;0;0;0;0;0;0;0;1;1;1;1;1;1;1;1;0;0;0;0;0;0,39;1
798;0,01;0,77;0,45;0,16;0,47;0,31;0,16;0;0;0;0;0;0;0;0;0;0;0;1;1;1;1;1;1;1;0;0;0;0;0;0;0;0,34;1
799;0,01;0,8;0,48;0,16;0,5;0,27;0,13;0;0;0;0;0;0;0;0;0;0;0;0;1;1;1;1;1;1;0;0;0;0;0;0;0;0,14;1
800;0,02;0,86;0,53;0,17;0,56;0,35;0,12;0;0;0;0;0;0;0;0;0;0;0;1;1;1;1;1;1;1;1;1;0;0;0;0;0;0,14;1
801;0,02;0,76;0,45;0,15;0,47;0,4;0,05;0;0;0;0;0;0;0;0;0;0;0;0;1;1;1;1;1;1;1;1;1;1;0;0;0;0,47;1
802;0,02;0,74;0,42;0,15;0,44;0,21;0,17;0;0;0;0;0;0;0;0;0;0;0;0;1;1;1;1;1;1;0;0;0;0;0;0;0;0,47;1
803;0,01;0,68;0,38;0,14;0,39;0,33;0,17;0;0;0;0;0;0;0;0;0;0;0;1;1;1;1;1;1;1;1;0;0;0;0;0;0;0,76;1
804;0,01;0,78;0,46;0,16;0,48;0,39;0,07;0;0;0;0;0;0;0;0;0;0;1;1;1;1;1;1;1;1;1;0;0;0;0;0;0;0,14;1
805;0,01;0,86;0,53;0,17;0,55;0,32;0,08;0;0;0;0;0;0;0;0;0;0;0;0;1;1;1;1;1;1;1;0;0;0;0;0;0;0,47;1
806;0,01;0,81;0,48;0,16;0,51;0,35;0,16;0;0;0;0;0;0;0;0;0;0;0;1;1;1;1;1;1;1;1;0;0;0;0;0;0;0,68;1
807;0,01;0,81;0,49;0,16;0,51;0,33;0,07;0;0;0;0;0;0;0;0;0;0;0;0;1;1;1;1;1;1;1;1;0;0;0;0;0;0,68;1
808;0,02;0,85;0,52;0,17;0,54;0,2;0,18;0;0;0;0;0;0;0;0;0;0;0;1;1;1;1;1;0;0;0;0;0;0;0;0;0;0,68;1
809;0,01;0,84;0,51;0,17;0,54;0,3;0,17;0;0;0;0;0;0;0;0;0;1;1;1;1;1;1;1;0;0;0;0;0;0;0;0;0;0,39;1
810;0,01;0,68;0,37;0,14;0,39;0,32;0,17;0;0;0;0;0;0;0;0;0;0;0;0;1;1;1;1;1;1;1;1;0;0;0;0;0;0,34;1
811;0,01;0,75;0,43;0,15;0,45;0,29;0,1;0;0;0;0;0;0;0;0;0;0;0;0;1;1;1;1;1;1;1;0;0;0;0;0;0;0,76;1
812;0,01;0,86;0,53;0,17;0,56;0,27;0,17;0;0;0;0;0;0;0;0;0;0;0;0;1;1;1;1;1;1;1;0;0;0;0;0;0;0,34;1
813;0,01;0,75;0,44;0,16;0,46;0,37;0,09;0;0;0;0;0;0;0;0;0;1;1;1;1;1;1;1;1;1;0;0;0;0;0;0;0;0,6;1
814;0;0,78;0,46;0,16;0,49;0,18;0,33;0;0;0;0;0;0;0;0;0;0;0;0;1;1;1;1;0;0;0;0;0;0;0;0;0;0,14;1
815;0,01;0,77;0,45;0,16;0,47;0,35;0,12;0;0;0;0;0;0;0;0;0;0;0;0;1;1;1;1;1;1;1;1;1;0;0;0;0;0,76;1
816;0,02;0,77;0,45;0,16;0,47;0,21;0,23;0;0;0;0;0;0;0;0;0;0;0;1;1;1;1;1;0;0;0;0;0;0;0;0;0;0,84;1
817;0,01;0,84;0,52;0,17;0,54;0,31;0,11;0;0;0;0;0;0;0;0;0;0;0;0;1;1;1;1;1;1;1;1;0;0;0;0;0;0,34;1
818;0,02;0,76;0,44;0,16;0,46;0,19;0,31;0;0;0;0;0;0;0;0;0;1;1;1;1;0;0;0;0;0;0;0;0;0;0;0;0;0,14;1
819;0,03;0,8;0,48;0,16;0,5;0,37;0,11;0;0;0;0;0;0;0;0;0;1;1;1;1;1;1;1;1;1;0;0;0;0;0;0;0;0,47;1
820;0,01;0,85;0,52;0,17;0,54;0,29;0,21;0;0;0;0;0;0;0;0;0;1;1;1;1;1;1;1;0;0;0;0;0;0;0;0;0;0,84;1
821;0,02;0,77;0,45;0,16;0,48;0,38;0,12;0;0;0;0;0;0;0;0;0;0;0;1;1;1;1;1;1;1;1;1;0;0;0;0;0;0,6;1
822;0,01;0,83;0,5;0,17;0,53;0,23;0,11;0;0;0;0;0;0;0;0;0;0;1;1;1;1;1;1;0;0;0;0;0;0;0;0;0;0,47;1
823;0;0,79;0,47;0,16;0,49;0,35;0,08;0;0;0;0;0;0;0;0;0;0;0;0;1;1;1;1;1;1;1;1;0;0;0;0;0;0,68;1
824;0;0,66;0,31;0,13;0,31;0,18;0,16;0;0;0;0;0;0;0;0;0;1;1;1;1;0;0;0;0;0;0;0;0;0;0;0;0;0,2;1
825;0,02;0,68;0,33;0,13;0,34;0,36;0,07;0;0;0;0;0;0;0;0;0;1;1;1;1;1;1;1;1;1;0;0;0;0;0;0;0;0,68;1
826;0,03;0,67;0,31;0,13;0,32;0,17;0,26;0;0;0;0;0;0;0;0;0;0;0;0;1;1;1;1;0;0;0;0;0;0;0;0;0;1;1
827;0;0,65;0,3;0,13;0,31;0,35;0,1;0;0;0;0;0;0;0;0;0;0;1;1;1;1;1;1;1;1;1;0;0;0;0;0;0;0,39;1
